date,Aquaman,Barbara Gordon,Barry Allen (The Flash),Batman,Beast,Black Canary,Black Lightning,Black Panther,Black Widow,Blade,Blue Beetle,Booster Gold,Bucky Barnes,Captain America,Captain Britain,Captain Marvel,Catwoman,Cerebus,Cyclops,Daredevil,Dashiell Bad Horse,Deadpool,Dick Grayson (Robin),Donna Troy,Dr. Strange,Dream of the Endless,Elijah Snow,Fone Bone,Gambit,Ghost Rider,Green Arrow,Groo,Hal Jordan (Green Lantern),Hank Pym (Ant-Man),Hawkeye,Hawkman,Hellboy,Human Torch,Invisible Woman,Iron Fist,Iron Man,James Gordon,Jean Grey,Jesse Custer,John Constantine,John Stewart (Green Lantern),Jonah Hex,Judge Dredd,Ka-Zar,Kitty Pryde,Luke Cage,Martian Manhunter,Marv,Michonne,Mitchell Hundred,Moon Knight,Nick Fury,Nightcrawler,Nova,Professor X,Punisher,Raphael,Reed Richards,Renee Montoya,Rick Grimes,Rorschach,Savage Dragon,Scott Pilgrim,Sgt. Rock,She-Hulk,Silver Surfer,Spawn,Spider-Man,Spider Jerusalem,Storm,Sub-Mariner,Superboy,Supergirl,Superman,Swamp Thing,The Atom,The Crow,The Falcon,The Hulk,The Rocketeer,The Spectre,The Spirit,The Thing,The Tick,Thor,Tim Drake (Robin),Usagi Yojimbo,Wally West (The Flash),Wasp,Wildcat,Wolverine,Wonder Woman,Yorick Brown
2016-05-15,1,20,54,77,12,76,3,3,28,29,38,65,70,100,12,2,49,59,61,27,0,25,21,1,6,0,69,0,4,57,72,72,26,23,36,43,4,98,21,1,31,40,50,39,31,0,63,26,39,39,1,5,40,25,0,21,10,64,72,41,7,57,28,4,4,65,9,25,51,16,49,49,22,42,35,38,47,34,91,2,24,77,4,45,28,34,91,61,15,12,44,21,100,8,31,35,3,56
2016-05-22,1,18,100,72,24,59,2,2,27,29,37,22,53,78,30,2,52,33,71,26,100,20,15,2,5,14,0,21,4,49,74,58,43,23,31,41,4,100,18,1,26,40,100,100,26,4,32,46,39,41,1,5,41,25,0,14,11,83,68,52,6,59,16,4,5,65,9,25,25,24,47,48,22,28,38,38,39,29,82,2,20,75,4,39,20,23,74,57,17,13,7,16,89,9,30,39,3,0
2016-05-29,1,23,69,72,14,53,2,1,25,27,34,25,47,57,28,2,44,47,75,26,0,19,15,2,3,0,35,0,4,52,70,31,26,0,31,34,4,51,17,1,26,44,84,56,31,8,42,29,0,61,1,4,58,17,0,11,9,100,70,62,6,58,16,4,5,70,7,22,0,21,46,51,22,29,38,76,49,27,83,5,18,72,3,37,21,15,73,57,17,10,52,21,46,9,32,40,3,0
2016-06-05,1,26,42,70,15,44,2,1,23,27,37,21,30,37,32,1,42,33,58,24,0,17,9,2,3,0,70,42,4,62,64,58,44,0,32,46,5,43,26,1,23,44,67,67,28,4,30,33,0,30,1,7,29,22,0,9,8,81,71,45,6,53,16,0,4,64,7,29,51,24,44,49,23,28,50,0,51,30,75,5,18,73,3,42,25,25,76,60,15,10,22,5,23,11,26,30,3,0
2016-06-12,1,26,20,69,13,47,2,1,20,27,40,10,29,30,40,1,43,73,53,19,0,17,27,2,3,14,0,63,3,49,49,21,44,0,28,29,4,46,20,1,20,68,45,84,20,4,55,26,0,30,1,5,27,20,0,7,8,67,67,32,5,61,11,4,4,79,15,27,0,18,39,50,26,71,33,0,40,29,72,3,16,62,3,35,20,20,73,57,15,9,52,21,34,10,29,27,3,0
2016-06-19,1,16,45,68,12,36,2,1,22,29,28,19,26,26,12,1,46,47,43,19,0,15,24,2,3,0,0,21,3,53,58,77,35,0,25,37,3,49,21,1,18,53,32,51,28,8,28,29,0,25,1,5,25,16,0,10,6,46,67,31,5,53,11,2,5,58,9,23,0,19,43,53,26,29,35,0,37,27,73,3,15,65,3,33,12,20,76,57,14,10,76,5,18,13,30,23,3,0
2016-06-26,1,18,25,85,13,38,2,1,20,28,35,19,25,24,21,1,51,47,43,21,0,14,18,0,3,15,36,21,3,56,41,49,27,24,27,15,3,47,18,1,18,44,24,97,29,17,19,32,20,25,1,5,29,25,0,9,4,48,67,16,5,52,8,2,4,53,24,25,26,11,32,55,22,29,32,39,38,22,100,2,12,49,3,35,25,25,73,55,12,9,46,48,35,12,32,21,4,0
2016-07-03,1,26,58,84,14,45,2,1,20,27,41,17,26,26,23,1,47,36,45,21,0,14,26,3,2,47,0,45,3,49,50,41,38,0,27,31,5,37,27,1,21,44,25,66,25,9,28,35,0,26,1,5,27,21,0,7,6,49,71,20,5,54,12,0,4,65,14,21,0,11,30,51,22,15,35,41,61,24,100,2,11,59,4,38,15,27,69,53,14,10,64,34,22,12,31,21,4,0
2016-07-10,1,13,34,75,13,36,2,1,22,26,42,21,14,20,22,1,43,35,35,18,0,11,19,3,2,15,0,45,3,51,50,36,28,0,33,31,4,29,23,1,18,36,21,59,12,9,20,29,0,20,1,5,28,18,0,7,4,42,69,24,5,69,22,2,4,58,12,17,0,14,33,58,23,45,32,20,61,23,80,2,12,60,3,35,24,27,72,55,11,9,24,22,61,14,27,20,4,0
2016-07-17,1,47,44,87,13,42,2,1,18,26,77,22,18,19,11,1,45,85,37,22,0,10,16,1,2,0,0,45,2,62,48,51,37,25,30,23,3,22,17,4,16,38,23,24,26,4,24,56,0,12,4,5,30,21,0,6,5,38,68,18,5,54,9,7,5,50,14,24,27,20,41,73,19,45,34,0,52,27,90,2,12,56,3,30,20,24,72,55,17,10,87,22,31,16,28,19,6,0
2016-07-24,3,100,62,100,13,46,2,1,19,26,55,23,16,19,7,4,48,56,31,19,0,10,9,1,8,0,0,45,2,55,54,69,83,0,29,46,4,36,34,2,18,57,20,53,31,27,32,40,0,24,3,7,34,27,0,8,5,51,69,23,5,53,16,7,5,48,8,22,54,6,33,86,25,15,34,0,35,35,89,3,11,56,3,32,100,28,75,56,13,10,71,44,21,16,30,20,13,0
2016-07-31,2,55,47,91,12,43,2,1,20,26,40,23,14,19,13,1,58,21,32,20,0,9,16,2,3,15,37,23,2,59,53,77,19,0,31,47,3,27,20,1,16,43,18,30,25,9,38,37,0,29,1,6,33,20,0,7,5,35,69,24,4,51,8,2,4,51,12,17,0,22,34,71,21,0,34,0,42,34,83,4,10,52,4,32,55,27,68,53,16,9,48,11,43,15,31,18,6,0
2016-08-07,2,46,32,86,12,38,2,1,20,24,40,18,13,18,10,1,55,36,29,17,0,9,26,2,5,32,0,23,2,51,40,53,29,0,30,35,3,33,17,1,15,38,17,6,19,14,29,31,43,17,5,6,37,15,61,6,5,36,69,18,4,47,7,12,4,62,16,20,0,20,27,72,17,0,30,21,44,32,70,3,11,59,2,31,20,20,68,53,12,9,49,6,16,14,37,17,5,0
2016-08-14,1,39,25,77,11,41,2,1,19,26,52,13,12,19,14,1,53,30,22,16,0,9,27,1,4,0,0,24,2,46,47,100,29,26,33,24,4,36,23,1,15,31,18,6,21,9,23,16,0,15,2,5,34,14,0,6,4,42,66,14,4,43,12,5,4,58,10,25,28,9,33,67,19,16,29,0,42,28,68,2,13,47,3,23,14,23,72,55,29,8,83,23,26,14,31,17,4,0
2016-08-21,1,36,32,72,12,39,2,1,18,26,43,15,14,19,6,1,50,71,29,17,0,8,22,2,3,31,75,23,2,48,51,48,28,0,32,26,4,32,25,1,15,53,17,12,46,4,27,38,0,13,1,6,41,16,0,5,5,37,67,19,5,46,6,5,3,61,6,19,0,3,33,62,19,46,38,41,36,24,62,3,20,57,3,30,18,20,70,56,40,9,40,28,15,15,36,17,4,0
2016-08-28,1,35,41,70,13,33,3,1,19,26,41,19,13,26,16,1,56,48,39,18,0,8,6,1,4,0,73,0,2,49,47,53,45,0,49,23,3,19,12,1,17,42,17,12,28,4,41,31,0,17,2,5,33,17,57,6,4,44,71,21,4,49,4,5,5,58,15,24,53,16,29,68,20,0,59,0,41,30,55,3,33,64,4,30,17,18,74,58,27,11,46,11,30,15,38,19,4,59
2016-09-04,1,38,25,64,13,34,4,1,22,26,31,33,15,26,13,1,47,97,37,16,0,8,12,3,4,0,0,0,2,51,51,64,36,0,48,43,3,29,18,1,16,45,22,17,23,22,34,37,0,20,3,4,31,18,0,7,5,38,68,17,4,47,12,0,7,60,13,23,0,11,39,61,20,30,35,20,37,32,53,3,43,66,4,27,17,15,74,58,20,9,15,11,18,14,36,18,4,0
2016-09-11,1,23,28,63,13,50,3,1,19,26,28,21,20,25,16,1,49,27,43,16,0,7,27,3,6,30,0,65,2,68,46,53,18,0,67,25,4,30,17,1,17,38,22,6,25,17,42,24,20,19,3,10,34,17,0,7,4,41,72,20,5,46,10,7,4,60,11,21,0,11,29,56,18,15,34,58,43,55,51,2,44,61,3,37,15,19,74,62,19,8,46,21,18,13,35,18,4,0
2016-09-18,1,36,35,62,14,36,2,1,20,26,28,11,16,21,7,1,55,74,39,15,0,7,3,2,4,0,71,21,2,100,50,56,36,24,39,25,4,33,23,1,15,38,24,28,22,21,55,30,0,24,5,6,37,26,0,7,5,32,68,15,4,46,12,7,5,56,11,21,0,19,24,55,16,14,33,0,30,49,47,4,49,67,3,25,17,17,78,63,15,9,38,32,12,12,34,19,4,0
2016-09-25,1,39,25,57,13,42,2,1,19,24,39,16,18,17,14,1,56,74,38,19,0,6,9,1,7,0,71,0,2,80,57,66,36,0,48,37,4,40,10,3,15,42,17,17,21,0,32,28,0,16,47,5,38,20,0,9,5,34,67,19,5,52,9,9,5,64,15,20,26,32,25,51,16,43,41,0,35,46,48,3,54,74,4,27,10,20,76,63,16,9,30,21,18,10,33,18,4,0
2016-10-02,1,28,44,59,13,59,2,1,19,25,22,13,14,16,16,1,66,46,39,26,0,9,9,1,9,0,0,21,2,64,71,48,61,0,40,44,3,39,20,7,16,49,20,28,27,12,42,37,0,20,100,5,42,17,0,6,7,41,72,34,6,58,9,9,5,69,16,20,0,13,30,46,17,43,65,38,48,56,46,2,47,72,3,27,10,16,77,67,16,8,45,31,60,8,30,24,5,0
2016-10-09,1,36,78,60,13,50,2,1,19,25,26,12,15,15,9,1,71,34,37,24,0,8,12,3,11,45,36,0,2,61,100,71,36,0,39,60,4,33,14,8,17,51,27,11,36,4,25,29,0,23,49,6,39,33,0,9,5,36,68,29,6,49,14,5,10,61,8,24,0,16,27,44,17,73,50,0,37,83,47,3,47,72,3,29,15,27,83,60,15,8,31,27,59,10,38,20,5,0
2016-10-16,1,32,52,57,12,59,2,1,19,25,29,11,12,17,9,1,74,100,49,19,0,8,12,1,20,44,0,42,2,66,93,59,26,23,36,49,3,39,45,2,16,40,21,22,31,4,60,27,0,30,28,5,37,29,0,9,4,35,66,34,6,50,4,9,11,62,9,27,0,16,21,43,20,29,36,19,44,67,45,3,49,74,4,30,10,27,84,60,14,9,52,5,84,9,32,34,6,0
2016-10-23,1,21,67,59,12,62,3,1,23,25,28,12,10,15,9,1,100,47,45,18,0,8,18,2,47,15,35,21,2,59,75,69,26,0,30,42,4,32,34,2,15,58,27,22,32,4,47,36,0,20,18,6,68,66,0,6,5,39,68,28,6,49,5,4,27,57,31,20,0,19,29,41,17,43,29,38,49,64,47,3,47,98,3,31,14,30,87,66,13,9,23,21,58,8,32,29,6,0
2016-10-30,1,29,59,56,15,44,2,1,18,25,27,15,17,14,14,1,66,87,41,17,0,8,9,2,97,29,0,0,2,65,70,52,44,0,31,46,4,34,26,2,16,44,19,11,28,8,48,27,20,21,12,6,41,42,56,6,4,39,65,27,5,48,1,4,15,54,7,22,0,11,74,40,17,100,29,0,53,61,46,4,45,91,3,30,12,31,79,75,17,10,45,37,37,6,34,22,8,0
2016-11-06,1,21,48,49,14,33,2,1,15,24,21,18,16,14,14,1,39,52,36,13,0,6,17,1,100,14,34,21,2,52,58,54,43,0,38,36,4,31,27,1,15,47,22,5,24,8,30,100,0,10,8,5,36,25,0,6,6,32,66,24,5,42,15,7,9,59,11,19,0,10,32,41,17,42,30,37,67,55,41,2,39,74,3,27,12,24,73,64,12,9,36,15,20,6,31,18,5,0
2016-11-13,1,17,58,51,29,45,2,1,16,25,14,17,9,12,17,1,38,79,38,13,0,7,3,2,59,29,35,21,2,47,68,61,17,23,53,39,3,25,23,1,16,45,17,11,61,4,100,62,0,12,7,5,41,89,0,6,4,43,67,21,4,44,7,9,10,56,16,20,25,8,25,41,16,42,32,0,69,63,42,3,45,82,3,28,18,19,76,65,15,8,66,10,51,6,31,19,4,0
2016-11-20,1,25,50,53,20,41,4,1,14,26,29,13,9,13,9,1,40,32,34,15,0,7,3,3,40,14,34,21,2,43,62,47,43,0,46,38,4,24,18,1,15,36,19,27,29,24,61,44,38,20,6,6,46,36,0,6,4,37,67,23,4,51,9,7,7,59,16,20,0,26,30,44,17,28,35,0,61,66,42,3,26,64,3,29,32,20,63,59,14,8,44,31,36,6,32,20,3,0
2016-11-27,1,24,42,58,17,53,2,1,14,25,35,16,11,13,10,1,39,44,40,13,95,7,20,2,23,0,0,100,2,50,63,55,33,0,39,28,5,24,20,1,14,44,19,0,23,8,42,41,19,18,6,7,46,25,0,6,3,33,66,17,4,48,8,8,7,62,16,22,0,20,29,42,16,40,32,0,37,100,52,3,39,71,4,29,17,21,76,64,14,8,49,25,44,5,32,19,4,0
2016-12-04,1,22,69,53,14,49,3,1,13,27,32,12,8,12,8,1,45,56,40,13,0,7,11,2,16,27,0,40,2,46,57,45,25,0,36,41,6,28,7,1,15,50,17,0,26,8,64,36,18,18,5,4,53,29,0,4,5,36,67,21,4,42,8,6,7,59,14,25,0,17,24,45,26,27,33,0,49,72,46,3,41,68,3,30,6,25,83,65,12,9,21,25,35,5,32,18,4,0
2016-12-11,1,24,40,57,13,38,2,1,13,27,28,14,8,13,10,1,49,70,38,12,0,7,14,2,15,0,0,20,2,39,55,56,66,0,29,37,4,26,20,1,14,57,15,16,32,12,56,33,19,19,5,5,55,35,0,6,4,33,65,17,4,47,8,0,10,46,10,29,0,8,27,44,21,41,35,0,38,51,42,3,39,59,4,26,14,26,84,60,10,8,35,5,30,5,28,19,4,54
2016-12-18,1,27,47,56,13,47,2,1,13,35,26,14,12,13,9,1,43,54,36,12,0,8,21,1,15,58,0,0,2,47,55,66,26,0,29,42,4,14,14,1,15,44,16,6,33,21,31,27,0,12,5,3,76,24,0,7,4,37,64,15,4,49,7,7,8,55,13,27,26,13,31,54,22,0,35,0,38,41,42,1,20,48,3,29,8,25,78,59,11,8,15,21,26,8,30,19,4,0
2016-12-25,1,20,56,62,16,39,2,1,15,30,25,13,21,23,13,1,47,76,34,15,0,10,19,1,17,15,0,0,2,49,51,54,36,0,34,51,3,24,20,1,18,38,17,12,28,9,31,41,0,28,6,4,81,26,0,6,5,40,68,16,5,51,4,9,9,51,0,26,0,14,32,55,21,30,34,60,45,44,49,3,10,58,4,27,15,23,68,59,9,9,39,27,24,5,33,22,4,0
2017-01-01,1,17,46,59,17,44,3,1,15,29,27,14,13,16,5,1,41,39,42,15,0,9,21,3,15,29,35,21,2,43,57,44,26,23,47,41,4,38,21,2,17,33,11,6,26,12,48,41,0,28,5,2,38,24,0,9,7,48,70,19,5,46,16,2,7,49,18,25,0,26,35,54,22,28,39,0,45,42,48,3,22,62,4,31,16,21,75,64,11,9,7,31,11,5,30,20,4,56
2017-01-08,1,23,27,54,17,39,3,1,12,27,17,19,11,12,10,1,41,74,40,13,0,8,11,2,10,0,0,0,2,42,42,38,90,0,34,32,4,19,8,2,14,56,17,5,22,12,29,40,0,12,5,4,36,15,52,8,4,39,70,20,5,44,7,4,5,59,10,21,0,25,23,49,18,40,42,0,31,37,42,2,29,74,4,23,6,15,72,62,11,8,28,10,11,5,29,17,4,0
2017-01-15,1,25,50,57,16,27,2,1,14,27,29,22,11,12,5,1,41,43,41,15,0,7,11,2,11,54,0,39,3,38,45,61,41,0,31,29,5,19,19,2,15,41,16,16,23,20,30,43,0,15,5,4,32,17,0,5,5,41,68,30,5,43,6,2,4,57,9,30,0,22,22,50,19,13,35,0,30,37,41,3,34,75,5,28,10,24,74,63,14,7,49,29,27,6,34,21,4,0
2017-01-22,1,20,45,58,15,45,2,1,13,26,15,14,9,12,10,1,46,49,38,12,0,7,11,3,14,13,32,0,3,42,48,51,40,0,27,40,6,36,20,2,14,31,14,0,53,35,44,43,0,17,4,4,30,17,51,6,5,33,69,23,5,45,10,8,4,60,19,25,24,12,25,48,18,53,35,18,39,53,42,5,39,67,5,26,25,13,82,65,14,9,14,34,40,5,34,19,4,52
2017-01-29,1,19,33,62,25,100,4,1,14,25,44,20,12,11,8,1,46,48,38,14,0,6,24,2,15,0,32,0,2,41,48,50,16,0,33,33,4,35,23,2,13,39,17,15,71,26,36,31,35,10,4,3,32,15,0,5,3,32,68,17,4,46,4,0,5,58,8,21,0,19,32,50,18,26,30,0,41,47,42,5,33,76,4,25,7,20,74,65,13,9,20,43,21,5,33,17,3,0
2017-02-05,1,34,45,85,20,71,3,1,15,27,42,13,8,11,8,1,45,67,38,12,0,6,24,3,10,26,96,39,2,37,43,34,40,0,28,47,3,33,23,8,15,45,15,5,69,15,38,40,18,18,4,4,32,13,0,7,4,28,68,24,4,44,6,6,5,67,10,22,0,5,32,48,16,13,40,35,44,45,39,4,32,61,6,25,15,22,74,64,12,9,54,14,24,5,32,23,4,0
2017-02-12,1,38,49,93,19,49,3,1,14,25,36,15,10,10,14,1,54,36,44,14,0,6,16,1,18,13,0,0,2,42,52,50,24,0,28,24,3,27,25,3,14,70,16,5,56,11,38,36,0,18,4,4,33,24,0,9,5,35,70,34,4,45,9,0,9,61,12,21,0,14,33,52,18,26,43,17,40,49,40,13,33,67,3,28,17,23,72,100,11,9,41,14,18,5,29,24,3,0
2017-02-19,1,31,29,82,23,47,3,1,12,26,35,17,11,11,6,1,58,42,40,14,0,6,32,0,15,52,63,19,2,41,44,65,39,0,29,35,4,27,21,4,15,52,16,15,37,11,30,37,0,19,3,4,38,27,0,6,5,28,72,28,5,49,11,4,11,67,10,18,0,17,28,51,18,39,47,34,31,53,41,4,29,74,3,28,17,21,79,63,14,9,40,33,21,6,34,29,4,0
2017-02-26,1,22,37,70,30,47,3,1,15,27,33,13,9,11,11,1,46,66,46,14,0,8,21,1,18,0,31,0,2,41,54,58,16,0,33,26,4,35,18,4,15,44,26,5,38,15,45,32,18,18,4,4,33,20,0,5,6,40,68,49,4,53,8,2,6,61,7,23,0,14,30,53,19,0,36,0,39,50,39,3,31,73,3,25,13,22,82,69,15,8,60,14,13,6,36,63,4,0
2017-03-05,1,24,45,61,40,37,2,1,13,26,29,18,14,11,9,1,38,64,49,13,0,14,5,1,19,0,61,19,3,43,55,94,38,0,30,43,4,24,7,11,13,38,50,15,32,18,28,30,17,48,3,5,38,46,0,5,5,49,69,100,4,46,13,6,6,53,19,20,22,12,34,53,19,0,34,17,38,47,37,3,27,65,3,26,11,14,81,62,14,12,46,9,48,6,33,100,5,0
2017-03-12,1,16,42,60,80,35,2,1,15,26,30,12,10,10,17,1,39,59,46,19,0,8,11,1,14,52,63,38,3,42,58,68,16,0,31,37,4,22,10,49,16,47,35,5,27,7,42,39,0,37,5,3,43,24,0,6,5,39,72,69,5,59,7,8,5,61,8,21,46,14,52,53,18,13,60,0,35,44,36,3,25,60,3,25,16,22,81,64,14,10,27,33,44,6,31,63,8,0
2017-03-19,1,17,71,54,100,39,2,1,15,26,22,13,10,10,9,1,40,60,52,29,0,8,16,1,11,13,0,38,2,43,56,68,32,0,28,29,5,23,14,100,15,36,27,5,32,11,28,34,18,16,7,8,34,16,100,8,6,40,69,45,6,46,11,2,6,60,15,18,0,5,40,46,23,0,31,51,27,55,37,5,23,61,3,28,11,19,80,61,14,9,27,9,26,7,37,46,5,51
2017-03-26,1,29,56,56,68,43,7,1,16,25,34,22,11,11,6,1,32,79,47,22,93,8,19,2,8,0,0,19,2,43,56,69,24,0,24,31,4,29,20,42,16,53,23,5,35,4,78,37,0,24,6,6,31,17,51,6,5,39,73,43,5,46,13,4,5,58,12,19,0,7,39,49,29,13,37,17,39,54,42,3,24,74,3,28,19,17,81,63,15,9,27,29,26,7,36,37,5,0
2017-04-02,1,14,38,52,45,41,3,1,14,26,39,19,11,11,10,1,36,66,39,18,0,6,19,2,7,13,0,19,2,40,54,53,24,0,22,53,3,35,23,23,14,50,16,15,31,8,28,33,0,24,4,4,31,42,0,7,5,34,71,33,6,43,4,8,7,64,12,21,46,5,33,49,21,26,33,0,31,38,38,3,23,68,3,31,17,19,75,60,14,9,41,38,16,8,31,30,4,0
2017-04-09,1,12,35,52,37,33,2,1,16,25,35,25,10,11,17,1,36,51,38,18,96,7,9,5,7,14,0,0,2,38,50,39,17,0,24,32,4,26,18,16,15,41,19,21,28,12,58,54,0,34,4,4,38,23,0,6,4,39,71,35,5,50,13,0,6,59,12,23,0,0,37,51,22,14,32,18,35,39,39,3,24,70,3,32,19,15,78,62,15,35,64,25,25,9,32,29,5,0
2017-04-16,1,14,36,52,29,33,3,1,16,27,31,22,9,11,8,1,37,36,43,14,0,6,8,1,8,13,64,58,2,37,36,57,16,0,22,27,4,23,15,11,15,50,18,15,45,4,39,42,0,27,3,4,33,17,0,7,4,33,69,30,5,46,7,2,5,63,10,17,0,29,33,47,21,39,30,35,35,33,35,3,25,67,3,29,17,15,74,61,18,13,34,57,13,8,33,28,4,0
2017-04-23,1,10,44,49,25,31,3,1,15,26,39,25,12,10,9,1,35,78,44,14,0,6,13,3,6,26,0,57,2,35,48,52,71,0,23,37,3,29,16,8,14,53,21,20,23,11,32,35,0,19,3,5,35,14,0,7,5,38,68,23,5,49,9,8,4,69,7,18,46,9,35,47,21,26,39,0,29,42,34,4,25,60,3,26,11,16,79,61,21,11,33,14,23,8,26,24,5,0
2017-04-30,1,19,48,49,22,40,3,1,14,28,39,12,10,11,18,1,34,43,46,15,0,6,17,3,6,0,0,0,2,38,43,77,33,0,22,25,4,19,18,9,16,42,22,5,34,12,23,49,0,31,3,4,36,15,52,6,6,57,72,25,5,49,7,6,4,69,10,20,0,17,33,46,22,0,41,18,34,41,34,3,29,65,3,23,13,23,78,66,20,11,42,10,24,8,29,23,6,0
2017-05-07,1,22,58,46,21,24,4,1,15,33,27,19,8,11,8,1,37,54,45,14,0,5,14,1,5,0,0,58,2,37,37,100,8,21,21,29,7,27,17,7,16,33,20,10,22,4,36,60,0,25,4,2,33,10,50,6,5,46,68,30,5,48,4,0,3,61,8,17,23,14,26,44,22,39,35,0,37,40,33,4,28,71,3,25,26,15,79,63,22,11,27,10,21,7,28,20,9,0
2017-05-14,1,17,36,47,21,73,15,1,15,27,78,12,11,13,12,1,37,32,60,13,0,5,6,2,7,0,0,61,2,48,61,43,51,0,22,33,4,33,29,5,14,35,20,11,20,12,32,45,19,18,3,4,32,13,0,8,5,43,68,24,4,51,11,2,3,60,21,18,0,10,22,41,20,27,35,0,38,42,34,5,24,64,3,23,14,12,76,60,19,10,50,35,22,9,30,21,11,55
2017-05-21,1,21,99,54,23,80,8,1,17,26,100,17,8,12,12,1,42,52,59,13,0,5,21,2,5,14,34,42,2,45,69,81,43,0,22,31,4,29,20,5,14,41,19,11,42,8,22,37,0,27,3,4,31,9,54,4,4,34,68,35,4,48,10,2,4,67,11,21,0,8,31,42,22,42,33,19,44,56,36,7,21,62,3,24,28,15,79,57,20,9,51,15,23,11,30,26,17,0
2017-05-28,1,23,63,56,21,68,5,1,17,26,85,22,11,11,7,1,50,20,41,13,0,5,38,2,8,0,34,41,2,37,62,40,94,0,27,36,4,27,27,5,15,38,22,22,40,25,29,40,38,15,3,4,30,12,0,6,4,36,69,32,5,45,10,2,3,65,14,20,100,18,25,45,26,28,34,19,42,45,41,6,17,60,3,27,14,13,79,57,18,10,73,21,28,11,28,25,74,0
2017-06-04,1,24,73,65,24,75,4,4,18,26,56,15,13,12,3,1,59,44,37,12,0,5,11,3,8,28,0,40,2,40,65,36,100,22,27,35,4,44,32,5,14,66,18,16,33,24,31,40,37,18,2,5,41,10,0,7,4,56,66,25,4,49,6,0,3,61,5,22,24,23,25,44,27,0,38,18,34,44,44,5,21,55,3,25,8,16,78,58,21,10,50,40,38,11,28,23,100,0
2017-06-11,1,28,57,68,23,68,3,5,22,26,57,18,12,12,14,1,53,26,37,12,0,5,20,3,7,14,34,21,2,48,64,47,43,23,22,33,3,56,29,4,16,48,17,22,29,24,29,40,19,19,2,4,28,14,0,6,4,35,71,24,4,52,15,0,7,54,5,21,0,13,27,45,32,14,34,37,40,42,43,4,17,59,3,24,12,16,73,57,20,9,36,41,14,11,32,22,67,0
2017-06-18,1,22,35,58,19,65,4,1,21,27,47,23,9,11,3,1,49,76,33,11,0,5,11,4,6,0,67,20,2,51,63,49,42,22,23,54,3,18,39,4,15,37,17,16,33,4,26,32,0,17,2,4,31,9,0,5,5,34,69,22,4,49,8,2,12,57,12,21,0,10,32,48,32,14,58,0,40,41,45,3,17,51,3,28,18,12,73,56,23,10,29,10,19,12,31,21,49,54
2017-06-25,1,18,46,54,19,58,3,1,18,27,47,6,10,11,36,1,45,72,44,13,0,5,9,2,5,0,0,21,3,48,55,51,51,0,23,29,5,40,25,4,17,48,19,16,26,25,43,43,0,15,2,6,24,12,0,6,7,35,72,26,5,50,8,0,3,66,5,20,0,5,27,49,40,28,32,56,44,39,37,4,13,60,3,26,20,19,73,58,20,10,37,31,14,11,28,21,38,0
2017-07-02,1,34,40,56,17,68,3,1,18,26,48,27,13,15,14,1,42,54,39,11,0,5,9,2,6,0,0,0,2,39,58,35,26,0,26,24,4,30,21,4,17,62,20,39,27,17,26,35,20,17,2,5,24,14,0,8,5,38,69,21,5,48,10,2,3,51,15,26,0,27,25,65,73,14,32,0,46,35,39,4,12,46,4,32,10,21,70,58,17,11,15,26,23,14,26,21,40,0
2017-07-09,1,31,31,52,17,55,3,2,20,26,39,19,14,14,2,1,44,52,41,12,0,6,21,2,4,14,0,0,2,41,53,74,34,0,26,41,4,34,21,4,20,38,11,16,40,4,23,29,0,27,2,3,31,13,0,8,6,34,71,23,6,49,10,0,5,63,13,24,0,8,27,61,84,28,32,19,37,37,36,4,12,59,4,29,22,15,67,63,29,11,73,5,23,14,29,21,28,0
2017-07-16,1,20,51,51,17,48,5,1,19,29,34,12,13,14,10,1,38,33,38,13,0,6,32,3,5,14,0,0,4,40,45,47,69,0,26,14,4,36,25,4,18,29,18,39,32,17,22,40,0,22,3,4,29,13,0,6,6,41,73,19,6,45,13,4,5,62,13,22,25,16,26,56,68,56,36,19,37,35,38,3,12,55,3,36,12,18,75,59,28,12,44,41,28,16,27,20,22,0
2017-07-23,2,16,78,55,16,52,5,1,19,26,45,16,14,14,14,2,38,38,33,15,0,6,14,2,5,0,0,20,5,39,51,50,34,0,26,35,4,22,16,5,18,35,16,27,30,24,21,30,19,17,3,9,31,13,0,5,5,39,70,25,5,50,8,2,5,66,34,20,25,10,27,59,58,41,32,18,38,41,42,4,11,50,3,37,16,22,67,57,20,23,43,81,30,16,27,19,21,0
2017-07-30,1,16,44,50,15,53,3,1,20,27,33,27,15,12,12,1,43,51,33,12,0,7,14,1,3,14,0,20,3,41,48,23,42,0,27,46,5,46,24,4,17,52,18,27,28,4,14,36,0,18,2,4,31,13,0,6,6,33,72,22,5,49,10,4,4,65,16,23,0,15,29,50,52,27,38,18,34,34,36,3,10,60,3,30,12,17,71,56,21,13,36,60,8,17,29,17,17,0
2017-08-06,1,19,28,53,14,38,3,1,18,27,35,14,7,12,5,1,43,38,31,13,0,7,20,2,4,28,0,20,2,44,39,66,50,0,29,37,5,40,20,4,16,40,16,27,26,8,30,41,38,15,3,4,31,9,0,8,6,35,75,22,5,52,9,2,3,62,19,30,49,15,30,49,47,27,34,18,29,31,36,3,13,52,3,30,20,14,68,59,19,12,43,45,25,16,33,19,14,0
2017-08-13,1,19,28,52,14,38,3,1,18,28,35,12,11,11,3,1,34,32,34,27,0,10,23,2,3,42,67,20,2,42,46,43,25,0,29,30,5,26,18,9,16,46,18,27,22,12,13,36,0,22,6,3,28,11,0,8,6,35,69,20,7,49,6,2,4,59,9,27,0,13,28,44,44,54,33,0,28,30,35,3,14,57,3,30,14,17,70,59,23,13,21,30,14,14,31,18,12,0
2017-08-20,1,11,33,48,14,34,3,1,18,28,33,20,10,10,10,0,36,64,36,49,0,5,3,1,4,28,33,20,2,39,40,13,17,0,32,33,8,46,22,12,15,37,16,21,29,12,31,36,0,15,8,3,24,7,0,7,4,32,76,14,10,49,9,0,3,65,9,24,24,13,21,44,37,27,58,18,33,27,32,3,19,57,3,28,16,14,70,58,80,11,43,30,8,15,100,17,12,0
2017-08-27,1,23,52,45,14,37,3,1,16,28,33,14,7,9,13,1,37,76,35,29,0,5,14,2,2,0,0,0,2,32,38,53,33,0,46,28,10,35,21,7,13,32,21,64,23,8,66,33,37,11,5,2,28,14,0,8,4,25,75,22,7,50,6,2,3,71,18,21,24,5,31,46,33,0,64,0,27,27,31,3,29,61,3,24,20,14,72,56,100,10,43,10,19,15,49,18,15,0
2017-09-03,1,21,21,46,13,45,4,1,17,28,33,21,13,10,10,0,36,25,37,21,0,5,11,1,4,0,0,0,2,34,33,71,33,0,44,25,5,19,24,5,12,26,15,21,21,8,32,33,0,23,4,3,31,12,0,6,4,31,70,21,7,46,5,6,3,72,5,24,0,12,29,46,30,13,100,0,32,25,32,4,38,67,3,23,21,10,70,62,63,12,21,25,8,13,40,17,16,0
2017-09-10,1,23,16,42,14,46,3,1,14,29,29,10,6,8,10,1,41,49,38,15,0,4,11,1,4,13,0,39,2,38,34,67,16,0,45,29,16,38,16,4,12,40,17,36,23,4,51,28,0,13,3,3,35,14,0,5,4,38,74,16,6,46,9,0,4,64,12,19,24,10,23,45,31,0,83,18,24,23,29,5,46,67,4,21,28,33,74,66,48,12,21,29,5,11,33,17,14,0
2017-09-17,1,16,27,45,15,37,7,1,17,31,29,14,8,8,11,1,41,80,37,15,0,4,17,1,4,0,0,0,2,37,39,29,41,0,42,23,8,21,12,3,12,45,16,10,26,27,18,25,36,16,2,2,30,13,51,4,4,28,76,21,14,53,6,2,4,65,12,18,24,5,21,41,27,26,47,18,22,23,29,2,49,61,3,22,19,74,75,68,32,11,48,39,16,10,33,16,16,0
2017-09-24,1,31,25,44,16,41,4,1,16,43,33,6,8,8,13,0,40,37,40,13,0,5,8,2,3,0,33,39,2,35,43,38,41,0,50,27,7,23,21,3,12,46,15,0,33,12,17,39,18,6,2,3,25,15,0,6,4,24,78,20,9,54,14,0,3,57,5,19,0,7,21,41,37,13,32,0,40,27,31,3,50,66,3,23,19,72,75,68,26,13,28,5,21,11,34,18,15,0
2017-10-01,1,29,23,47,14,33,4,1,16,89,25,12,6,8,3,0,47,31,50,11,0,4,3,1,4,13,32,39,2,32,39,41,40,0,46,20,5,34,16,2,13,46,16,5,27,4,15,36,0,12,2,3,28,15,0,6,3,27,74,17,8,48,1,2,4,53,10,17,0,5,22,40,34,13,52,0,26,29,29,4,50,67,3,21,6,79,77,65,21,14,21,14,13,10,37,19,14,52
2017-10-08,1,21,48,48,14,41,6,1,18,100,29,9,8,8,5,0,50,56,50,10,0,5,6,2,2,13,32,0,3,36,47,45,16,0,36,23,5,21,17,3,16,39,17,16,32,8,18,31,18,12,2,2,36,17,0,6,3,21,76,15,8,46,11,0,5,68,5,22,0,2,26,38,29,40,42,18,26,55,35,3,49,74,4,24,21,79,86,68,22,21,21,29,21,9,39,18,16,0
2017-10-15,1,17,41,46,13,35,4,4,18,65,39,15,7,9,13,1,58,31,47,9,0,5,8,1,4,13,0,0,2,31,65,48,40,0,39,31,5,34,16,2,15,100,16,21,41,12,15,45,18,22,2,2,44,19,0,5,3,28,79,21,8,47,7,4,5,65,14,17,24,7,32,39,31,13,62,0,27,51,33,4,46,64,4,26,15,67,80,67,24,27,55,34,42,8,32,19,13,0
2017-10-22,1,18,42,48,13,42,3,2,18,50,26,12,7,8,5,1,73,60,47,10,0,5,8,3,4,0,63,19,2,35,62,50,24,21,41,33,8,17,22,2,13,50,18,35,35,8,34,40,0,5,2,4,46,34,50,5,5,36,75,24,7,49,10,2,11,62,5,20,23,10,20,41,29,39,36,0,30,44,35,2,47,70,3,28,19,66,85,68,20,54,61,24,42,8,32,19,13,0
2017-10-29,1,20,33,49,13,40,4,1,17,40,27,9,7,10,5,1,61,72,44,9,0,5,24,1,5,0,0,19,2,33,61,50,16,0,54,35,9,33,14,2,14,47,13,5,37,8,21,28,0,7,1,3,50,22,0,5,4,24,76,19,6,45,10,0,7,60,5,16,23,10,28,39,30,0,35,17,26,43,37,4,44,85,3,26,22,77,81,68,19,98,34,19,23,7,30,17,12,0
2017-11-05,2,11,24,42,13,39,4,2,14,36,26,17,11,10,5,1,34,53,38,9,0,4,3,2,5,13,0,56,1,31,40,46,31,0,49,24,7,29,11,2,14,49,17,0,21,7,34,21,0,13,2,3,41,14,0,6,5,24,78,18,8,43,7,4,5,59,11,18,0,12,30,39,27,25,31,17,28,40,34,3,43,64,4,33,13,65,74,66,18,100,13,19,23,7,32,17,10,0
2017-11-12,4,20,50,51,13,44,3,2,15,33,30,12,10,10,8,1,31,47,49,14,0,8,26,3,4,13,0,19,2,34,43,43,39,0,43,26,11,22,14,2,14,50,16,25,35,15,33,25,0,18,2,7,40,16,0,6,4,28,82,21,44,45,7,6,4,57,15,17,0,26,23,37,24,25,29,0,17,44,51,3,42,80,4,27,15,68,78,65,21,61,7,28,13,6,35,18,14,0
2017-11-19,6,13,41,58,13,49,6,1,15,33,34,13,8,9,5,1,36,41,36,20,0,6,18,2,4,25,31,19,2,32,55,54,46,0,44,23,9,32,24,2,13,41,14,5,28,22,42,25,0,14,2,6,44,12,0,7,4,30,78,15,100,43,6,2,3,58,15,17,0,14,21,39,25,13,29,17,30,51,57,3,25,58,3,26,29,71,65,61,19,43,46,23,25,8,28,17,15,0
2017-11-26,3,11,48,53,13,52,6,3,16,30,30,22,15,13,6,2,40,41,41,18,0,5,21,2,5,13,0,0,2,33,59,36,62,0,38,30,8,36,20,2,16,38,14,15,29,15,34,37,0,7,2,5,56,14,0,10,7,39,80,21,62,41,11,4,4,57,13,16,0,9,50,37,27,13,31,17,32,70,47,2,37,69,3,30,11,65,81,65,15,37,40,37,20,8,32,19,11,0
2017-12-03,3,15,46,51,13,38,8,2,15,31,31,23,16,12,8,1,38,72,39,17,0,5,19,1,5,26,0,57,2,32,53,25,31,0,38,28,9,47,23,3,16,31,21,5,56,19,28,32,18,20,2,5,55,18,50,8,7,30,81,23,41,50,10,2,5,58,10,25,23,7,37,40,26,0,35,17,26,62,39,3,41,70,3,30,9,71,75,65,19,32,47,0,28,6,28,18,10,0
2017-12-10,2,12,37,48,14,33,7,2,12,31,32,18,9,11,6,1,34,6,48,22,0,6,11,1,4,0,0,38,2,34,49,31,31,0,32,44,7,41,18,2,14,46,18,20,38,7,23,38,18,15,2,3,49,20,50,8,6,30,75,30,30,50,13,4,6,55,10,24,0,2,36,40,28,38,34,17,31,41,36,3,40,69,4,26,15,57,75,66,18,27,33,42,34,6,31,23,9,0
2017-12-17,1,13,29,45,13,32,6,2,13,30,21,11,11,10,5,1,34,31,39,15,0,5,17,1,4,13,0,39,2,52,37,73,40,0,31,36,6,44,23,2,13,48,12,15,28,19,15,34,0,12,2,3,49,12,0,6,5,31,73,18,24,47,8,2,5,51,10,25,0,15,29,48,26,26,33,0,30,33,33,3,26,58,5,26,17,59,72,59,13,26,21,29,11,5,23,23,8,0
2017-12-24,2,13,29,50,17,35,8,2,14,44,29,18,12,10,9,1,45,52,33,16,0,6,9,1,4,29,69,0,2,35,45,51,17,0,41,46,6,25,36,2,15,52,22,11,23,12,17,44,19,12,2,5,58,12,0,7,5,36,76,24,22,55,5,2,4,70,13,25,0,16,29,53,29,0,36,19,27,35,37,3,8,46,5,29,10,73,68,58,13,29,44,31,11,5,29,22,11,0
2017-12-31,2,17,36,48,15,35,11,3,14,44,29,16,14,10,11,1,39,74,41,16,0,7,14,3,3,0,32,0,2,34,48,38,16,0,33,29,6,19,12,2,15,43,18,5,28,4,37,38,0,12,2,3,47,16,0,8,7,33,79,18,20,48,5,4,3,57,24,25,0,15,26,51,28,26,65,18,35,38,34,3,16,63,4,29,11,100,67,60,15,26,21,34,19,6,29,22,9,0
2018-01-07,1,16,28,45,13,36,21,7,15,35,26,15,9,9,5,1,41,35,38,13,0,6,8,3,3,0,0,0,3,31,46,45,8,0,27,36,7,28,14,2,12,50,15,19,37,15,49,39,0,47,2,2,38,11,0,5,4,29,98,20,15,100,4,4,4,58,19,20,0,7,29,44,26,25,39,17,49,36,34,3,26,77,4,25,11,72,71,60,13,22,26,27,5,9,36,21,8,0
2018-01-14,1,12,48,45,12,36,88,5,15,35,24,12,9,8,11,1,38,28,42,13,0,5,10,3,2,0,60,36,2,32,41,24,37,0,27,19,7,27,18,2,12,40,16,5,22,14,23,37,0,24,2,4,37,10,0,5,4,27,78,17,13,53,6,6,3,60,11,19,0,11,24,47,26,37,44,0,53,52,30,2,28,66,4,22,12,69,71,59,15,23,32,18,15,8,33,19,7,0
2018-01-21,1,13,36,45,13,30,100,6,13,35,33,15,12,8,5,2,37,98,60,12,0,5,8,1,3,13,61,37,2,34,41,54,8,0,26,19,6,34,10,2,12,50,13,10,23,7,21,25,0,22,2,2,30,8,0,4,5,29,80,15,12,50,5,4,2,63,11,18,0,7,35,42,23,25,34,0,37,48,31,2,32,65,3,27,20,62,75,63,15,37,26,36,5,7,36,18,7,0
2018-01-28,1,15,30,42,12,31,72,15,13,34,25,10,12,9,3,1,42,35,76,11,0,5,0,1,4,0,0,18,2,36,37,39,53,0,30,29,5,34,17,2,13,62,15,15,26,11,34,32,17,11,2,2,31,12,0,6,4,43,75,17,11,43,7,6,3,66,5,28,0,7,24,42,23,0,30,33,31,42,30,3,33,66,3,24,16,51,78,62,14,29,26,23,7,16,35,17,7,0
2018-02-04,1,11,13,42,12,23,48,23,13,34,26,11,16,10,14,1,44,40,66,10,0,10,10,1,3,0,0,0,2,33,36,41,15,0,31,17,6,32,17,2,15,37,11,5,23,11,34,35,17,8,2,2,30,13,0,7,5,37,73,13,11,50,3,2,3,64,6,26,0,14,29,42,25,49,35,0,29,43,31,2,31,59,17,29,16,47,74,60,12,25,32,27,12,8,32,19,7,0
2018-02-11,1,12,26,44,12,35,50,71,14,33,23,17,23,12,9,1,35,47,66,10,0,7,5,1,5,13,0,56,2,31,37,54,23,20,27,19,6,44,16,2,15,39,15,15,55,11,17,22,17,34,2,2,33,21,0,5,6,31,73,22,10,49,5,4,3,65,8,34,0,5,45,48,26,13,33,17,28,37,33,4,29,61,5,26,16,42,74,62,14,24,33,32,13,7,28,17,10,0
2018-02-18,2,15,30,42,13,30,38,100,14,32,29,17,44,14,12,1,36,34,63,11,0,6,10,1,7,100,30,0,2,33,39,50,23,0,29,36,7,81,15,2,17,40,15,5,31,18,21,42,34,15,2,3,47,29,48,6,6,29,76,18,10,45,10,4,3,81,11,34,0,11,26,45,28,12,33,0,39,31,32,2,26,66,4,29,18,50,78,64,27,28,13,68,12,8,30,18,9,0
2018-02-25,1,13,31,40,16,31,36,53,14,30,27,12,21,13,3,1,36,28,51,11,0,5,10,2,6,25,30,0,2,32,40,52,22,0,29,35,6,51,13,2,16,31,14,5,24,7,28,29,17,16,2,3,32,34,0,6,7,26,79,24,10,46,11,4,6,57,12,25,22,7,51,40,26,36,52,32,34,31,31,4,26,71,4,31,23,47,78,65,44,28,13,22,12,8,33,17,8,0
2018-03-04,1,16,27,39,13,24,34,36,15,32,28,13,27,13,9,1,27,45,47,12,0,6,13,3,4,25,30,18,2,35,38,38,45,0,24,39,9,41,11,2,16,34,15,5,32,25,20,29,0,11,2,2,30,30,0,8,6,26,79,21,9,45,8,4,4,65,9,23,0,13,46,39,28,12,50,48,39,29,29,3,26,71,3,28,14,49,78,61,26,27,25,27,22,7,34,15,10,0
2018-03-11,2,8,36,41,14,25,32,27,14,28,36,18,19,13,13,1,29,74,55,13,0,6,5,1,5,0,30,18,2,38,37,65,60,0,37,27,6,37,13,2,18,34,15,14,24,11,23,29,17,18,3,2,38,16,0,7,8,28,77,21,9,51,12,6,6,57,9,23,0,11,28,40,27,24,37,49,36,29,32,3,25,64,3,33,16,48,73,60,19,26,32,27,25,7,33,17,8,0
2018-03-18,1,9,25,38,13,29,32,22,15,27,41,11,25,16,10,2,32,57,51,13,0,12,3,1,7,25,0,54,2,44,34,26,15,0,37,15,6,33,15,2,18,40,14,5,53,4,15,43,17,11,3,3,34,15,0,7,9,26,79,17,8,48,9,2,4,61,9,22,0,9,81,44,26,37,43,33,24,28,34,3,23,65,3,34,12,47,67,58,19,24,26,13,10,8,31,17,7,0
2018-03-25,2,22,11,43,12,29,29,19,17,28,25,8,22,14,11,2,33,59,41,11,0,10,5,2,6,26,0,0,2,43,47,52,8,0,33,43,6,30,18,3,18,45,15,0,34,11,11,16,52,17,3,3,30,15,0,7,9,37,79,20,9,57,13,4,5,55,11,25,0,12,54,42,29,51,29,17,25,29,33,3,18,61,3,34,20,42,71,60,15,21,33,19,10,8,32,19,8,50
2018-04-01,1,14,26,39,11,33,27,16,15,27,25,10,20,14,5,2,32,35,42,12,0,8,16,2,7,0,0,18,2,44,38,54,23,0,41,21,6,46,16,2,18,45,17,15,30,7,16,26,0,18,2,2,31,14,0,4,8,39,78,19,8,46,14,2,5,68,5,26,0,21,34,47,29,37,30,17,36,28,31,3,20,65,3,33,9,49,68,61,17,19,7,41,18,8,33,17,7,0
2018-04-08,1,25,27,37,11,26,25,14,15,26,25,16,18,13,3,1,33,40,43,11,0,8,10,2,6,12,0,18,2,37,37,44,75,0,32,23,6,28,16,2,16,34,19,10,33,0,34,28,17,17,2,3,39,13,0,5,6,34,78,19,7,46,18,6,4,56,19,21,22,11,36,39,28,12,33,0,20,27,30,4,23,69,4,34,19,47,72,62,18,17,32,27,7,8,28,17,6,0
2018-04-15,1,21,23,36,11,29,32,13,15,26,30,6,20,13,6,1,33,52,42,11,0,13,8,2,3,0,0,55,2,30,39,39,23,0,33,21,4,28,13,2,17,32,16,5,36,11,22,24,0,12,1,2,36,16,0,5,7,34,79,24,7,45,8,4,6,65,13,22,0,14,28,40,26,12,34,0,33,33,35,3,26,68,3,36,7,42,77,60,16,17,13,36,15,9,28,19,6,49
2018-04-22,2,17,26,42,11,27,36,19,24,25,26,10,41,26,17,25,32,64,44,12,0,14,3,1,12,25,31,0,2,34,38,48,69,0,62,15,5,44,13,2,27,43,22,0,32,11,50,27,0,20,2,2,53,16,48,11,58,28,81,19,6,49,20,2,3,65,11,19,22,12,57,42,32,12,29,66,22,32,32,2,24,69,3,51,9,48,75,60,19,30,46,14,8,15,31,19,6,49
2018-04-29,2,13,24,42,11,26,40,25,37,26,38,23,71,38,21,44,32,41,46,12,0,22,21,3,27,38,0,37,3,37,39,93,31,20,76,45,8,60,16,2,40,42,21,5,26,18,30,33,51,22,2,4,45,23,0,8,100,34,76,28,7,50,24,0,2,65,5,23,0,14,81,41,36,12,34,17,24,34,34,6,23,79,4,84,13,33,77,59,20,48,13,32,5,29,32,22,7,50
2018-05-06,1,19,30,38,11,21,31,22,33,26,29,22,52,30,29,19,36,17,49,12,87,31,13,2,17,25,30,73,2,36,40,72,38,0,53,23,8,50,16,2,36,43,19,5,35,15,23,32,17,24,3,3,41,21,0,7,43,33,78,20,8,49,10,4,2,58,14,23,0,18,70,42,34,25,39,17,29,35,33,4,23,95,4,65,5,38,74,61,22,37,0,27,15,17,31,21,6,0
2018-05-13,1,17,17,37,11,22,24,17,25,25,25,16,42,24,23,10,36,40,43,12,0,97,15,1,14,13,0,18,2,39,40,77,38,20,39,21,7,37,11,2,28,55,20,14,19,14,54,36,17,18,2,3,43,16,0,8,26,26,77,31,7,46,14,4,3,62,100,20,22,14,58,38,30,12,35,16,26,32,34,2,20,84,3,52,21,36,83,58,22,29,19,32,10,14,30,22,6,0
2018-05-20,1,14,43,37,11,30,20,13,22,26,26,9,29,20,19,6,37,29,50,13,0,100,11,2,11,13,0,0,2,38,54,24,54,0,36,32,6,46,13,2,25,52,21,15,27,4,42,38,17,22,2,3,38,14,49,8,14,30,76,39,7,44,11,2,2,63,36,22,0,33,43,38,34,0,41,0,29,33,30,3,21,71,3,42,11,41,79,59,25,23,13,32,5,16,29,29,6,100
2018-05-27,1,14,30,36,11,23,19,10,21,27,43,20,29,16,48,4,35,18,43,13,0,56,16,1,6,0,31,74,2,37,50,51,0,0,32,30,6,36,13,3,23,49,21,5,33,11,28,36,0,23,2,2,50,16,0,6,11,32,77,33,8,47,15,10,9,58,11,22,0,28,49,65,38,25,45,17,31,38,30,4,18,93,4,36,23,41,69,56,23,21,20,28,13,17,30,23,6,50
2018-06-03,1,14,28,37,10,28,15,7,21,29,34,14,28,14,14,3,36,47,41,11,0,34,8,2,7,13,0,19,2,37,47,48,23,0,31,23,5,24,15,3,20,44,20,5,27,7,30,37,17,15,2,2,35,10,0,7,12,28,78,18,7,48,9,4,5,68,13,20,0,5,32,45,38,38,31,17,29,42,32,4,18,75,3,33,23,43,68,57,21,23,26,14,13,20,30,21,6,0
2018-06-10,2,16,19,35,11,28,14,7,20,28,29,12,26,12,12,3,32,51,38,11,0,26,8,3,6,37,59,0,2,37,40,76,52,0,29,56,5,25,14,2,18,37,14,0,21,4,19,30,0,21,3,3,35,11,0,6,9,25,78,23,6,49,11,2,3,59,9,18,22,11,38,42,41,0,34,16,32,39,32,3,17,58,3,32,23,37,73,55,20,22,32,9,10,20,29,18,7,48
2018-06-17,2,14,25,32,10,29,14,6,18,26,26,20,21,11,8,3,26,34,34,10,0,19,3,2,4,38,0,36,2,28,32,71,30,0,26,34,4,30,20,2,18,39,15,14,28,7,18,24,17,31,14,3,34,8,0,7,8,26,71,24,6,47,9,4,3,95,10,18,0,9,37,46,34,37,28,0,24,46,33,4,16,59,3,32,14,33,69,53,17,17,13,32,12,23,25,16,6,0
2018-06-24,1,8,15,34,10,30,12,5,18,26,22,11,18,11,18,2,28,52,35,12,0,16,15,2,4,13,0,0,2,36,33,53,15,0,27,29,5,22,21,4,17,51,12,48,19,0,21,35,0,12,33,2,22,10,0,7,8,28,73,15,8,47,6,2,3,57,5,18,22,11,32,40,36,25,28,0,27,33,34,2,13,54,3,29,32,36,80,53,20,16,26,27,7,38,27,18,5,49
2018-07-01,1,18,19,35,11,20,10,5,19,25,32,20,19,13,27,3,35,40,37,11,0,15,5,2,4,0,0,0,2,41,38,66,15,0,27,13,4,22,8,3,16,39,13,15,20,18,32,34,17,16,19,2,25,7,48,6,7,33,69,25,7,55,14,6,3,51,13,19,0,2,35,42,35,25,31,0,27,33,30,4,12,55,3,30,5,36,67,52,20,15,45,18,25,95,27,15,6,0
2018-07-08,2,12,13,36,10,38,12,5,20,26,29,19,20,12,11,3,29,34,37,11,0,14,15,2,4,0,0,0,2,39,35,65,38,100,28,36,4,37,12,3,18,31,12,10,22,4,19,32,0,15,13,3,27,8,0,8,9,29,75,16,7,59,8,4,2,57,6,22,22,9,27,50,33,12,33,0,33,30,33,3,12,60,3,27,12,28,68,58,18,15,19,13,15,100,27,17,6,0
2018-07-15,7,15,26,38,11,35,12,4,19,26,36,22,23,11,17,3,30,47,35,12,0,13,13,4,4,0,0,56,2,41,36,33,31,21,29,22,5,22,14,3,16,28,14,35,26,11,21,30,0,23,10,3,34,7,0,6,6,30,82,19,8,69,11,40,4,52,7,20,0,0,35,48,33,25,30,51,22,26,30,3,11,63,3,30,27,37,74,57,16,16,53,23,15,71,27,16,5,0
2018-07-22,13,22,28,39,11,38,13,4,18,25,34,19,16,10,14,3,34,29,37,11,0,14,21,3,4,0,0,19,2,40,41,51,0,0,29,49,5,36,10,3,16,33,19,15,21,15,24,36,0,19,8,4,27,10,0,6,7,31,82,20,7,53,9,2,6,53,3,20,0,7,26,48,35,25,32,33,25,31,35,3,13,54,3,26,22,35,66,58,17,16,59,28,8,63,38,17,6,0
2018-07-29,4,11,21,39,10,36,11,4,19,26,33,17,18,11,11,5,36,41,48,11,88,15,23,1,5,0,0,0,2,37,41,60,23,20,28,25,5,16,14,3,17,29,20,19,25,18,17,28,0,12,6,4,26,10,0,6,14,30,83,19,6,52,11,2,4,61,11,21,0,18,29,47,39,62,31,0,46,27,36,3,13,58,3,33,18,39,69,56,17,17,0,27,0,55,31,17,5,49
2018-08-05,3,10,21,40,10,32,9,4,21,25,29,17,20,11,9,5,43,40,41,11,0,21,26,2,5,37,30,36,2,41,40,44,45,0,29,31,4,31,7,2,17,34,14,24,41,7,24,30,17,14,5,3,27,11,0,7,13,42,82,19,7,53,8,10,5,60,13,17,0,5,26,46,40,49,32,0,33,27,38,3,13,55,3,33,25,35,64,56,17,17,51,23,12,51,31,17,5,0
2018-08-12,3,14,26,40,11,35,10,4,20,26,30,12,19,11,6,5,44,40,35,10,0,21,16,1,6,0,30,18,6,36,36,36,23,0,31,21,4,28,13,3,18,34,13,49,30,22,24,32,0,16,4,2,31,7,0,7,15,34,84,23,6,50,10,8,3,63,8,18,0,7,37,42,45,0,30,0,28,23,35,3,14,52,3,30,9,33,70,57,18,17,19,23,15,43,30,17,5,49
2018-08-19,3,13,26,37,11,28,8,3,20,28,31,14,16,12,11,5,46,47,26,11,0,19,0,1,6,13,0,0,4,35,37,79,38,0,33,13,4,28,10,3,16,31,16,10,26,18,22,39,0,8,4,3,30,8,0,8,12,29,83,20,7,49,13,8,4,68,8,16,0,9,30,41,37,25,32,0,33,22,31,3,22,57,2,29,23,35,71,66,16,16,39,18,15,39,30,19,5,0
2018-08-26,3,11,21,38,10,32,9,3,18,26,24,14,13,11,18,4,40,40,35,10,0,17,10,2,4,13,61,0,4,43,35,71,15,0,54,25,4,24,15,3,17,31,14,29,34,22,30,33,17,11,4,2,25,8,0,6,9,26,82,22,6,48,2,2,3,68,6,18,0,2,34,48,40,12,31,0,26,22,31,2,34,57,3,29,14,29,77,60,15,15,26,27,10,35,35,18,5,0
2018-09-02,3,14,29,37,10,29,8,5,18,25,33,16,14,12,16,9,36,51,39,11,0,14,15,2,4,0,30,36,4,33,37,76,22,0,50,27,4,35,10,12,18,40,14,28,28,7,22,32,0,9,3,2,27,8,0,6,13,31,79,20,6,49,6,4,3,53,5,20,0,2,34,48,65,12,51,0,27,22,31,5,37,58,3,31,21,29,77,58,13,15,6,31,10,32,35,17,5,0
2018-09-09,3,15,23,38,10,29,7,5,18,24,27,15,15,10,100,5,38,72,41,15,0,12,10,1,4,12,0,35,4,38,30,43,22,19,48,30,4,38,11,26,17,39,16,5,32,14,33,32,16,12,4,2,31,9,46,7,9,24,82,17,6,50,9,6,6,62,8,19,21,11,32,40,82,12,77,0,19,23,41,5,49,60,3,29,9,30,76,61,14,14,37,13,5,24,28,17,5,0
2018-09-16,3,15,21,41,10,31,8,4,20,24,21,9,16,11,27,19,35,40,39,17,0,11,18,1,2,0,0,18,4,38,34,64,7,0,54,23,4,43,14,14,17,41,15,24,33,11,30,40,17,14,3,2,24,7,47,6,11,26,84,24,7,48,6,8,5,50,19,62,22,11,29,37,67,24,51,0,21,26,37,3,51,66,3,26,21,29,76,64,15,13,38,13,15,23,33,18,5,0
2018-09-23,2,17,25,38,11,35,8,3,19,23,14,10,14,10,22,5,41,51,36,16,0,10,8,1,4,12,0,36,4,35,36,67,30,0,44,27,5,37,10,9,16,43,29,9,37,4,26,36,17,10,3,1,31,9,0,7,6,30,82,23,6,48,15,9,7,61,14,76,22,11,26,39,52,48,35,16,23,22,30,4,53,61,3,23,19,29,75,62,15,13,31,9,7,21,35,18,5,0
2018-09-30,5,17,10,42,10,27,9,3,20,24,21,12,16,12,12,3,40,34,39,22,0,10,15,2,4,0,30,54,4,39,35,55,30,0,40,29,13,29,16,6,16,37,24,0,34,11,24,74,17,25,3,2,34,13,0,5,7,23,81,20,8,45,10,17,11,64,25,48,0,4,22,40,48,24,33,0,21,23,29,4,55,67,2,24,10,27,79,62,16,12,38,18,10,34,32,17,5,0
2018-10-07,5,12,27,38,10,24,22,4,19,24,21,15,15,10,7,3,48,40,41,22,0,9,13,1,3,0,30,18,3,39,37,61,30,0,43,14,9,25,10,8,17,37,17,19,28,11,29,43,33,16,3,2,21,16,0,5,7,24,78,20,7,43,6,8,17,65,14,33,22,11,20,35,47,24,61,0,27,29,28,4,43,64,4,26,21,32,76,62,15,12,38,13,20,29,33,16,5,0
2018-10-14,4,11,26,37,10,30,20,4,18,24,22,12,12,10,9,2,50,23,45,56,0,9,13,3,3,13,0,18,3,37,45,51,8,0,41,17,8,18,15,9,16,36,16,5,37,4,48,42,0,16,5,3,42,13,0,7,7,24,80,22,8,50,5,10,13,61,16,28,0,7,27,36,50,25,31,16,29,40,29,3,46,73,3,24,23,32,83,62,18,12,13,23,22,26,29,18,5,49
2018-10-21,4,12,35,39,11,32,19,4,20,23,17,13,10,9,3,2,62,45,42,100,0,8,18,4,3,12,30,0,3,34,54,58,7,0,41,17,5,19,15,5,14,44,18,29,39,7,43,36,17,10,6,2,38,16,47,7,6,37,78,23,9,44,12,8,19,61,12,26,0,11,22,36,44,12,29,16,34,37,33,2,45,76,3,20,14,31,82,64,15,12,25,13,10,20,33,18,6,0
2018-10-28,4,22,17,42,11,34,16,3,17,23,20,10,12,9,9,2,65,46,45,57,0,8,10,2,5,37,0,18,3,45,43,47,22,0,40,17,6,18,16,4,15,38,16,10,55,0,38,38,17,8,3,2,47,19,0,7,6,24,77,22,9,44,11,8,49,51,9,24,0,7,20,34,44,12,27,16,23,36,34,4,43,88,2,21,18,25,82,67,16,12,13,13,7,16,33,16,6,0
2018-11-04,4,10,25,35,11,25,15,3,14,23,16,9,16,8,7,2,31,34,38,38,0,7,5,1,3,12,0,18,3,32,46,43,37,0,40,20,4,19,11,3,14,41,13,5,31,4,21,41,0,11,2,2,33,19,0,5,5,24,78,19,8,45,10,0,100,86,12,25,0,7,21,40,44,12,27,16,26,32,29,4,41,60,3,25,9,23,73,65,15,12,19,9,12,14,35,15,4,0
2018-11-11,5,12,25,35,14,25,17,3,13,23,21,9,14,9,6,3,34,45,42,31,0,8,28,3,4,12,0,18,3,29,35,44,15,0,43,19,4,39,15,3,15,42,15,10,43,11,30,33,0,8,2,2,47,47,0,4,7,22,80,20,7,45,9,2,27,58,13,22,43,11,40,45,44,12,32,0,32,30,29,3,39,62,3,29,14,35,70,64,16,13,25,4,17,13,33,23,4,0
2018-11-18,11,15,25,34,14,32,18,3,14,24,21,10,9,8,11,2,28,51,33,24,86,11,8,15,3,12,0,18,3,31,36,82,15,0,43,21,5,26,15,2,14,37,18,0,46,0,27,47,0,12,2,2,48,27,0,5,5,26,82,16,7,42,7,19,16,44,6,23,0,7,24,49,45,24,34,16,21,28,26,4,24,55,3,28,30,25,65,60,15,11,38,27,7,12,31,17,4,0
2018-11-25,13,15,12,34,11,28,17,3,13,25,44,4,11,8,12,2,33,28,39,39,0,8,3,31,2,0,0,36,3,28,38,87,15,0,35,25,6,35,5,2,14,40,13,5,29,7,25,43,0,13,2,1,46,29,93,4,6,24,82,15,7,44,10,4,14,55,6,21,0,9,25,47,42,12,34,32,23,27,27,3,37,68,3,22,10,30,75,62,12,11,69,9,7,13,36,17,4,48
2018-12-02,19,9,31,33,11,21,14,3,13,26,26,12,11,9,6,14,28,40,43,26,0,9,18,30,4,37,0,18,2,28,49,65,15,0,79,23,5,25,18,2,15,70,14,10,54,7,29,36,0,5,1,2,59,9,0,4,12,23,76,15,6,57,7,8,9,59,9,24,0,2,32,42,49,24,30,0,28,29,27,3,38,64,3,24,12,29,75,61,14,12,26,22,7,14,32,17,5,0
2018-12-09,53,17,27,35,11,20,16,3,14,26,29,12,16,10,1,4,33,45,41,16,0,14,8,14,6,12,0,72,3,30,51,67,15,0,46,14,6,31,18,2,15,69,12,5,35,25,30,23,100,12,1,3,45,13,0,5,7,25,74,16,7,46,5,10,7,49,13,18,43,16,31,41,57,49,31,16,32,50,28,3,36,61,3,26,14,38,71,61,13,12,19,22,15,14,27,16,5,0
2018-12-16,79,16,26,35,11,26,12,3,12,25,24,13,10,10,18,3,32,12,61,14,0,11,23,12,3,25,31,0,2,29,45,69,23,0,32,30,42,22,13,2,14,50,12,5,24,18,20,21,0,7,1,2,66,10,0,5,8,25,74,13,7,46,11,6,6,49,13,20,0,2,32,46,67,50,30,0,42,30,28,3,30,56,3,28,14,33,67,58,13,13,26,14,10,12,27,16,5,0
2018-12-23,100,21,17,42,12,28,11,4,16,26,23,13,17,12,17,5,38,32,52,16,0,11,17,12,4,0,0,0,3,35,34,76,17,0,28,26,20,22,14,2,17,45,12,16,31,4,39,35,0,10,1,3,61,14,0,6,11,35,76,21,8,49,10,6,7,43,12,22,0,10,34,49,75,27,28,37,51,28,32,3,10,51,3,33,20,37,68,57,13,16,22,10,8,15,26,19,6,0
2018-12-30,73,17,31,38,12,27,12,4,16,26,34,6,17,12,18,6,35,18,57,17,0,9,11,11,3,13,0,0,3,29,40,81,16,0,46,47,11,31,21,2,18,44,14,10,38,0,40,24,0,13,2,2,42,12,0,5,12,36,80,20,11,49,5,12,7,54,12,23,0,7,39,52,64,78,44,17,39,30,31,4,13,53,4,33,19,46,64,61,13,16,61,29,13,12,30,24,5,0
2019-01-06,46,14,19,38,11,19,10,4,13,25,24,13,15,9,12,8,33,57,51,15,0,7,44,21,3,0,0,18,3,26,43,62,38,0,33,29,9,22,14,2,14,40,14,0,29,7,27,30,51,9,2,3,49,10,0,4,11,32,77,18,13,44,6,6,5,80,11,25,44,7,41,43,54,12,34,16,48,27,31,3,27,71,3,31,30,31,70,63,17,13,26,36,10,10,30,19,5,0
2019-01-13,33,19,31,37,11,25,10,3,14,24,26,21,11,9,13,6,31,56,49,15,0,8,100,100,3,24,59,71,3,28,37,55,15,0,31,47,9,40,13,2,15,43,15,9,33,7,40,24,0,12,1,2,37,10,0,6,17,34,77,17,37,45,15,7,5,72,22,22,21,7,38,41,59,24,46,0,86,26,42,3,30,71,3,31,19,36,77,62,11,13,100,9,14,9,29,17,5,0
2019-01-20,28,19,16,36,11,25,15,4,14,25,24,12,12,8,16,4,31,22,50,16,0,8,40,53,4,12,0,18,2,31,34,55,37,0,33,29,7,48,12,2,13,50,15,0,35,7,20,26,33,13,2,2,33,9,0,6,9,31,78,20,89,48,4,2,5,65,31,27,0,11,34,46,49,36,33,0,58,27,29,2,28,69,3,28,15,32,70,64,12,12,56,9,12,9,28,15,5,48
2019-01-27,26,17,10,37,11,41,14,4,14,24,19,12,10,8,17,4,32,27,44,16,0,7,20,27,3,0,29,35,2,28,36,48,7,0,29,26,5,28,14,1,13,49,14,5,39,3,17,22,16,11,1,3,32,9,0,4,8,30,80,11,51,49,6,44,4,54,24,24,21,15,30,44,46,23,33,31,43,26,27,4,30,65,3,24,24,28,68,60,13,11,43,17,12,12,28,15,4,0
2019-02-03,20,12,22,36,11,32,15,3,16,24,29,15,10,9,10,8,28,66,45,14,0,6,25,19,4,0,0,35,2,29,34,68,36,0,30,22,6,26,16,1,13,44,14,0,25,3,17,31,0,10,1,2,33,15,0,6,8,33,77,16,36,47,11,9,6,58,35,17,0,2,22,38,44,0,33,0,33,27,27,2,32,64,3,25,12,35,73,64,12,11,25,17,21,14,25,18,4,47
2019-02-10,16,14,22,35,11,24,14,4,13,25,29,9,9,8,11,8,30,49,47,12,0,6,12,13,4,12,0,17,2,30,36,62,43,0,33,32,6,19,17,1,12,41,11,5,21,3,18,24,16,11,1,3,36,21,0,6,8,33,77,17,27,45,7,4,8,59,12,18,21,4,30,40,39,23,36,31,33,24,26,3,32,72,3,26,15,26,72,62,13,11,18,0,2,12,29,19,4,0
2019-02-17,13,25,18,35,11,25,15,3,14,24,22,10,12,8,12,13,32,44,44,12,0,7,7,9,3,0,0,35,2,27,34,51,0,0,31,16,7,30,15,2,14,43,14,14,26,3,28,29,0,24,2,2,39,12,0,5,10,31,79,14,28,45,8,7,8,58,24,21,21,11,23,44,48,24,32,0,29,25,27,3,26,68,3,25,14,32,75,61,13,11,18,13,24,10,29,16,4,0
2019-02-24,13,14,14,33,11,26,11,6,14,23,21,12,10,9,10,21,38,27,40,10,0,6,12,9,3,24,29,0,3,23,36,51,14,0,25,18,15,36,24,1,14,26,23,9,16,3,12,21,48,16,1,1,28,15,46,5,11,31,78,18,17,56,8,0,5,59,14,23,0,7,26,42,54,47,32,0,51,21,25,3,30,67,3,24,15,30,71,69,16,10,12,35,9,10,27,16,4,0
2019-03-03,17,14,10,33,11,18,12,3,15,23,27,10,15,11,12,100,34,28,41,9,0,6,2,8,4,0,0,0,4,33,39,63,22,0,28,22,14,29,22,1,14,47,21,5,33,3,26,18,0,24,1,2,34,13,0,4,38,24,73,26,14,47,8,0,7,63,29,30,0,7,27,37,51,0,34,0,39,25,26,3,28,67,3,27,14,31,75,64,15,11,31,13,2,9,30,15,6,0
2019-03-10,17,10,20,32,11,25,10,4,19,22,16,7,16,15,22,94,30,44,34,9,0,6,7,5,3,0,0,0,3,40,33,54,22,0,41,38,15,36,13,1,16,35,18,0,22,10,19,29,16,15,1,1,36,16,0,5,64,25,90,18,11,52,9,2,6,64,17,41,0,4,31,40,45,24,37,0,27,26,25,4,24,62,3,30,14,28,71,61,12,14,6,17,2,12,27,15,5,0
2019-03-17,15,13,19,33,11,21,15,3,19,23,24,9,17,15,10,46,25,39,39,9,0,8,13,6,3,12,59,36,3,35,30,84,22,0,38,33,17,52,16,1,17,36,19,0,17,4,24,17,0,14,1,2,32,38,0,5,36,27,80,19,10,56,14,2,10,61,15,27,0,7,34,45,52,36,28,0,28,26,26,3,22,81,3,34,21,36,70,61,12,15,19,9,0,12,32,16,4,0
2019-03-24,17,19,29,35,11,26,16,3,18,24,21,7,15,14,16,29,27,50,42,10,0,6,7,4,3,0,0,18,3,32,27,55,29,0,37,31,20,54,9,1,19,50,19,5,27,3,20,28,16,10,1,2,34,21,0,4,22,26,76,21,9,50,10,6,12,61,5,24,0,18,39,40,48,0,28,32,26,26,27,4,22,68,3,37,24,34,69,63,13,14,25,18,2,13,31,16,4,0
2019-03-31,14,13,29,39,11,22,17,3,19,23,20,13,21,14,10,25,29,57,41,9,0,6,8,3,3,0,0,0,3,31,28,64,37,0,32,35,29,49,12,1,22,31,19,5,21,14,35,31,0,13,1,3,46,20,0,5,20,22,78,20,9,50,7,2,12,59,13,18,0,9,26,40,48,61,26,0,30,23,29,4,21,72,3,42,59,29,74,65,30,14,32,22,5,12,26,15,4,0
2019-04-07,12,14,17,34,10,21,13,3,19,23,27,11,12,15,9,23,28,45,34,8,0,5,15,5,3,0,0,53,2,31,26,61,0,0,39,21,100,48,14,1,22,32,15,9,26,0,27,25,50,12,1,2,34,14,0,5,16,23,76,22,8,50,6,0,6,69,16,24,22,9,34,42,46,24,30,32,36,22,29,3,22,72,4,39,35,34,72,62,40,15,0,18,7,14,28,16,4,0
2019-04-14,12,26,19,34,10,28,13,3,20,23,26,10,16,16,11,21,24,41,34,8,0,6,26,5,7,25,0,37,2,27,29,63,15,0,32,23,87,52,26,1,21,36,20,10,20,11,17,25,0,7,1,3,50,12,0,4,17,20,75,23,7,46,12,4,6,57,13,20,0,14,33,44,51,25,33,17,24,22,27,12,21,68,3,39,25,32,68,58,33,16,13,14,13,17,31,15,4,49
2019-04-21,10,24,21,34,10,20,10,4,74,24,20,12,38,45,21,40,32,52,42,8,0,7,5,4,9,38,30,18,2,30,27,62,23,0,72,15,42,41,13,1,64,26,18,0,22,4,39,25,0,7,1,2,45,15,0,5,34,24,76,20,8,47,13,4,5,57,8,21,0,9,45,43,53,0,32,16,30,23,29,17,23,75,4,65,11,34,71,59,31,37,13,50,7,24,28,17,5,0
2019-04-28,10,22,23,36,10,27,10,5,100,24,25,11,47,78,54,38,30,28,48,9,0,7,15,3,12,25,30,0,2,36,35,76,15,20,100,25,23,72,11,2,100,47,25,0,26,4,31,26,17,14,1,2,50,14,0,9,33,28,77,24,8,46,18,4,5,60,17,23,0,22,85,45,54,24,32,32,27,23,30,7,25,79,6,100,14,32,71,64,28,55,13,18,5,20,31,18,5,0
2019-05-05,8,16,22,31,9,18,8,4,52,27,21,16,35,46,73,20,24,83,32,8,0,7,15,2,8,0,0,53,3,32,28,54,29,0,68,63,21,65,14,1,65,51,25,9,14,3,24,27,0,17,1,1,51,10,0,15,28,27,74,19,8,45,17,0,3,75,17,24,42,15,60,40,56,12,28,79,21,22,26,9,22,77,4,70,17,26,68,61,24,39,19,26,5,16,25,16,5,0
2019-05-12,7,10,31,48,9,20,7,3,35,34,31,10,30,30,25,13,31,62,39,8,0,6,15,3,6,24,29,0,2,37,33,52,15,20,45,82,19,56,14,1,45,26,23,5,29,11,29,19,0,20,1,2,48,7,0,8,17,31,75,17,8,51,17,4,4,55,11,22,21,18,40,41,49,24,28,48,25,25,27,9,21,81,4,52,19,28,80,62,27,31,13,26,12,15,26,18,4,0
2019-05-19,6,18,33,40,11,24,7,3,29,26,26,13,24,23,37,10,30,33,36,8,0,6,12,4,5,12,0,0,2,33,35,57,29,0,40,32,17,55,25,1,34,28,27,14,56,3,28,28,65,19,1,2,42,7,0,6,15,28,73,23,7,51,11,0,4,66,11,20,21,7,41,43,47,12,32,32,33,30,26,15,21,77,4,37,24,25,80,56,26,22,19,17,10,13,26,19,4,47
2019-05-26,6,6,32,37,10,24,8,3,26,25,21,15,24,19,30,15,33,44,36,8,0,6,22,4,6,36,0,35,3,30,40,68,22,0,30,28,14,47,14,2,29,36,33,9,39,7,30,25,16,20,1,2,47,8,0,4,18,26,73,21,7,46,13,6,4,64,15,21,0,11,40,54,47,12,30,31,30,27,27,49,17,82,3,34,17,31,74,57,23,19,31,26,14,14,27,17,5,0
2019-06-02,5,14,16,37,10,27,6,2,23,26,22,11,19,16,33,11,30,33,42,8,0,5,17,2,3,0,29,0,2,30,37,51,36,0,31,32,12,30,22,1,25,29,66,9,42,3,21,24,0,14,1,3,31,7,0,7,14,32,74,21,7,46,12,2,8,60,6,18,0,9,34,56,51,59,30,0,29,26,25,100,18,75,3,33,37,30,82,56,24,16,18,22,9,13,24,20,5,0
2019-06-09,5,6,25,36,10,21,6,2,25,26,20,13,16,15,29,10,29,33,45,8,0,5,7,1,3,12,0,18,2,33,40,72,7,0,32,24,10,54,20,1,25,34,57,5,41,3,47,24,16,23,1,2,29,6,46,5,17,33,74,34,7,57,13,0,5,60,6,21,0,20,40,52,49,12,29,16,25,24,27,56,17,65,3,33,17,28,77,57,25,16,12,18,17,12,26,21,4,0
2019-06-16,5,12,20,35,10,23,7,2,23,25,26,9,20,13,9,8,35,56,37,8,0,5,2,2,4,12,0,53,2,28,39,72,7,0,28,37,9,31,19,1,23,36,39,19,37,24,28,23,0,12,2,2,31,5,0,12,15,42,74,20,7,53,12,0,4,57,8,21,21,11,42,56,54,36,28,0,25,21,25,38,16,63,5,26,15,26,71,56,22,14,31,44,12,14,27,18,4,47
2019-06-23,4,18,16,35,10,20,6,2,25,24,27,11,15,13,18,6,32,22,31,8,0,4,10,2,4,24,0,18,2,30,31,75,29,0,28,16,8,44,20,1,21,34,24,0,32,10,29,20,0,10,1,2,27,5,0,8,18,40,72,22,6,49,11,0,4,71,15,20,0,9,27,56,63,0,27,0,32,19,25,31,14,71,4,29,22,30,66,57,21,14,31,13,10,15,26,14,4,0
2019-06-30,5,11,19,32,9,24,7,2,25,24,24,9,18,14,15,7,25,39,34,9,0,4,18,1,4,24,29,18,2,27,35,32,22,20,25,20,21,27,14,1,23,26,21,5,32,14,26,26,0,18,1,2,29,8,0,6,31,32,73,26,6,48,10,2,8,56,9,21,0,13,36,59,100,36,31,16,35,18,27,25,13,66,3,27,7,26,65,57,21,13,25,18,7,17,24,14,4,48
2019-07-07,5,9,14,33,10,22,8,2,22,24,26,7,19,13,9,6,27,28,32,9,0,5,12,1,3,0,0,35,2,31,34,43,0,0,29,32,33,40,16,1,24,36,14,9,30,21,16,24,0,11,1,2,37,6,0,7,33,35,74,17,6,48,16,2,4,49,12,14,42,11,37,57,92,24,58,0,34,18,24,24,13,63,3,26,17,27,71,60,18,13,25,17,5,19,26,14,4,0
2019-07-14,4,17,27,36,10,22,8,2,23,24,26,11,15,12,13,6,33,34,34,8,0,5,5,3,2,24,0,0,2,33,41,69,29,0,31,18,29,29,14,1,22,29,15,0,29,11,21,30,0,13,1,2,27,9,0,9,21,43,74,19,6,52,9,11,5,56,11,20,0,11,35,59,70,24,43,16,30,23,26,24,14,68,3,27,10,27,74,58,16,15,19,22,2,19,27,16,3,0
2019-07-21,4,14,25,37,10,27,8,2,44,41,33,15,15,13,15,5,33,29,41,9,0,5,8,2,6,0,0,18,2,36,30,47,30,0,46,23,29,51,19,2,22,29,14,19,33,22,18,30,17,11,2,2,35,10,0,18,21,35,72,22,7,48,13,6,6,62,6,18,0,14,35,59,58,37,33,16,31,22,27,24,13,62,5,28,14,21,76,58,20,27,39,18,2,22,31,17,4,0
2019-07-28,4,21,8,36,10,21,8,2,27,26,21,15,23,14,14,5,32,40,30,8,0,5,23,4,4,25,0,0,2,34,41,51,15,0,39,17,22,32,23,1,23,26,15,5,19,4,22,38,17,12,1,2,34,9,0,34,15,30,75,17,6,49,10,6,4,59,6,19,0,9,35,59,53,0,30,16,26,20,27,27,13,62,4,29,25,25,73,57,19,15,0,23,5,24,28,17,4,0
2019-08-04,4,12,11,36,10,19,10,2,24,25,32,13,12,14,9,5,32,34,63,9,0,5,26,4,4,13,0,0,3,29,35,62,38,0,34,21,17,47,9,1,21,17,14,14,28,4,23,34,34,12,1,2,32,7,0,15,14,36,74,25,6,55,13,2,4,54,8,21,0,16,34,61,50,25,30,33,46,20,25,23,12,64,7,26,16,16,70,56,21,14,13,27,5,22,27,15,4,0
2019-08-11,8,15,21,34,10,21,8,2,23,24,30,13,14,14,16,4,33,33,49,8,0,4,15,5,2,0,0,53,3,36,36,58,15,0,37,27,16,38,10,1,21,38,14,19,23,14,21,27,33,11,1,2,30,10,0,10,13,35,76,17,6,56,7,15,4,81,15,19,0,7,34,55,49,24,27,16,30,18,26,15,17,53,9,30,10,30,66,57,21,15,31,26,7,21,29,15,4,0
2019-08-18,6,18,19,35,10,17,7,2,25,26,19,13,18,13,21,4,28,34,35,7,0,4,8,3,2,12,0,0,3,33,31,73,0,0,38,31,17,35,16,1,20,38,13,19,41,4,32,27,50,16,1,1,29,9,0,100,11,26,79,16,6,56,23,0,4,59,15,18,0,51,29,62,59,48,29,48,34,18,25,11,22,56,16,29,12,21,76,59,19,13,25,27,7,21,34,16,4,0
2019-08-25,6,8,8,36,10,26,7,2,29,26,19,16,16,12,16,4,27,27,43,8,0,4,22,4,4,12,0,17,2,33,29,65,0,0,52,26,15,38,11,1,19,32,18,28,27,3,22,24,65,18,1,2,35,5,0,55,10,34,74,26,6,52,9,0,4,54,21,17,0,59,27,56,45,12,67,16,38,17,23,9,29,62,18,26,25,23,69,60,18,13,31,17,2,20,30,16,3,0
2019-09-01,5,9,6,41,10,26,7,2,21,24,24,12,14,11,10,3,29,53,40,7,0,4,9,5,3,0,0,0,3,26,30,33,28,0,55,29,12,40,26,1,19,48,28,18,32,10,65,36,16,14,1,2,24,18,0,16,9,29,79,17,6,46,8,9,10,48,13,19,20,23,23,55,40,23,54,15,33,17,24,13,35,71,18,24,10,27,69,57,17,11,41,25,7,17,31,16,3,0
2019-09-08,4,16,16,39,10,20,7,2,21,23,27,12,14,9,13,3,32,42,36,7,0,4,9,9,2,23,0,34,3,29,31,66,28,0,54,17,11,38,11,1,18,43,23,9,27,7,66,25,0,13,1,1,32,13,0,12,11,23,81,26,5,51,3,4,7,62,15,20,20,25,30,49,41,23,39,30,34,17,22,10,45,69,14,23,20,22,78,64,18,11,36,13,11,14,26,15,3,0
2019-09-15,4,18,18,49,10,24,8,2,24,23,20,11,10,9,17,3,34,48,42,7,0,4,17,5,2,0,0,17,2,30,31,44,42,0,46,33,10,29,19,1,18,37,25,40,25,0,26,27,16,13,1,2,30,10,0,8,12,28,77,24,5,51,6,7,7,57,10,25,20,32,46,44,44,46,45,0,33,18,24,7,48,71,12,22,23,19,77,64,18,12,42,13,11,15,29,15,4,0
2019-09-22,4,24,8,52,10,20,6,2,22,23,22,18,12,9,7,3,41,37,39,6,0,4,21,8,3,0,0,0,2,38,32,74,7,0,43,16,9,33,14,1,18,38,30,27,29,3,47,22,0,20,1,2,27,9,0,8,11,25,76,39,5,46,12,9,6,66,13,23,20,13,37,46,44,23,37,15,32,18,25,7,48,72,10,22,11,24,76,63,17,11,42,29,0,12,29,17,3,0
2019-09-29,4,19,16,51,10,48,7,2,24,23,19,6,10,9,10,2,45,53,34,7,0,4,29,10,2,0,84,17,2,28,28,41,14,0,42,20,9,46,13,1,16,41,20,13,21,7,18,30,16,7,1,2,33,11,0,9,8,28,78,28,6,50,5,52,7,58,15,22,0,15,26,45,42,34,35,46,45,22,29,11,46,74,8,22,15,18,79,63,16,10,42,25,5,11,32,14,4,0
2019-10-06,4,22,17,60,10,25,14,2,20,23,24,17,12,8,4,2,57,58,39,6,0,4,19,7,3,0,0,17,3,26,29,35,14,0,32,19,8,36,17,1,17,57,19,13,26,7,20,33,0,19,1,3,40,26,0,7,8,25,79,28,5,47,8,19,13,67,13,22,20,8,30,48,37,22,27,0,79,32,26,19,45,72,7,21,24,21,73,65,17,10,41,25,16,10,26,14,5,0
2019-10-13,4,21,21,62,10,20,12,2,21,23,24,11,10,8,30,3,93,26,36,6,0,4,21,2,2,0,28,17,2,29,37,57,14,0,47,23,9,29,11,1,17,39,17,4,31,7,23,31,62,18,1,2,30,14,0,7,11,28,76,24,5,46,8,12,9,67,20,20,0,12,27,45,34,11,32,0,59,28,26,16,41,72,6,18,14,23,79,61,16,10,53,25,5,9,29,14,5,0
2019-10-20,5,23,23,54,10,23,13,2,21,23,24,10,7,8,11,2,67,63,43,7,0,4,19,4,3,23,28,0,3,35,40,54,28,0,39,31,8,20,13,2,15,45,18,18,34,0,25,27,0,17,1,3,35,17,0,5,10,29,79,21,6,53,8,2,8,100,13,22,0,12,24,41,37,22,28,30,56,27,27,11,42,81,5,23,13,27,82,66,26,10,59,16,14,10,31,16,5,0
2019-10-27,5,16,25,49,12,25,12,2,18,23,22,6,13,9,19,2,65,26,38,7,0,4,26,4,3,57,27,16,2,32,40,59,7,0,34,32,8,21,17,1,15,44,15,13,29,16,13,38,0,13,1,3,28,18,0,6,10,23,75,28,5,44,6,9,9,81,10,19,20,14,27,42,37,11,26,15,54,27,28,9,40,100,6,20,13,20,80,66,22,11,23,25,4,8,28,15,5,0
2019-11-03,4,19,21,41,10,24,12,1,19,22,20,12,11,8,8,2,33,52,33,7,78,4,16,4,3,11,0,0,2,28,34,77,20,0,39,36,7,30,20,1,14,50,14,4,44,10,21,27,0,15,1,2,30,11,0,7,10,23,77,23,5,45,8,2,7,85,10,16,40,6,27,40,31,11,25,15,38,23,25,14,38,73,8,18,40,25,75,65,14,9,46,16,2,8,29,13,3,44
2019-11-10,3,15,17,39,10,24,13,2,18,23,24,14,10,9,16,3,33,62,39,7,0,3,5,4,3,23,27,16,3,29,33,56,14,0,43,32,6,18,16,1,15,43,13,13,26,6,26,41,15,12,1,1,42,11,43,11,10,23,78,24,5,41,8,5,7,81,19,18,0,20,20,40,32,33,26,0,37,21,23,10,36,67,9,24,75,21,76,63,17,10,35,20,4,8,28,14,3,0
2019-11-17,3,17,15,38,11,22,13,2,19,25,18,17,13,10,14,4,32,36,39,6,0,3,7,5,4,0,0,16,2,25,28,75,14,0,42,40,6,29,16,1,17,38,13,0,24,10,32,30,15,6,1,2,38,15,0,7,11,20,78,25,6,47,7,5,6,74,10,18,20,12,24,42,32,0,27,45,32,23,23,8,37,64,7,28,59,17,85,64,15,10,17,20,9,8,28,15,3,0
2019-11-24,3,15,21,38,10,25,14,2,16,25,20,11,14,10,14,3,31,41,36,6,0,4,14,15,2,0,0,33,2,25,33,72,14,36,49,38,5,19,24,1,16,28,16,4,20,10,39,27,15,9,1,2,36,15,0,6,10,17,78,23,5,43,7,5,8,60,4,18,0,8,20,46,31,0,31,0,32,27,23,8,23,57,7,27,44,26,65,63,15,11,35,24,9,7,26,15,3,0
2019-12-01,3,15,25,37,11,23,14,2,88,23,17,17,12,10,15,3,32,26,42,7,0,3,7,16,3,0,27,33,2,25,33,64,7,0,35,27,6,39,17,1,15,28,10,0,26,3,22,32,0,10,1,2,51,10,0,7,10,20,79,27,5,42,8,21,6,64,7,19,0,10,24,43,31,22,32,0,29,24,23,10,35,60,7,26,26,32,75,67,15,11,6,25,7,7,27,15,4,0
2019-12-08,3,17,25,36,10,25,20,2,33,23,14,13,11,8,18,2,29,42,43,7,0,4,7,7,2,11,55,50,2,26,48,51,21,0,36,15,7,25,24,1,15,37,11,0,40,3,26,22,0,18,1,2,52,7,0,8,9,20,74,21,5,38,8,7,5,68,12,17,20,8,33,44,29,34,28,45,32,42,26,7,34,57,6,20,32,39,71,64,14,10,18,12,7,6,25,14,12,0
2019-12-15,3,11,17,36,11,23,12,1,21,24,15,4,11,8,11,2,29,79,100,6,0,4,14,4,2,46,0,17,2,27,34,44,14,0,31,12,10,13,17,1,14,41,11,9,36,10,22,22,0,12,1,1,54,8,0,6,9,21,73,24,5,44,5,9,5,69,6,35,20,10,29,48,29,11,25,15,25,21,25,6,28,56,7,20,34,37,72,61,14,9,47,17,14,7,24,14,4,0
2019-12-22,4,12,17,39,14,25,9,2,24,25,14,18,14,9,14,3,32,29,54,5,88,5,3,4,2,0,30,37,2,26,25,72,23,0,45,36,9,38,14,2,16,41,11,10,33,15,13,28,0,6,1,3,83,8,0,18,9,30,72,16,6,47,8,4,5,55,10,32,22,14,28,54,31,25,27,17,34,19,30,8,10,49,9,25,55,27,68,57,15,11,26,5,2,10,26,15,5,0
2019-12-29,4,17,20,39,11,21,9,2,24,25,20,17,13,20,6,3,28,88,49,7,0,5,10,5,3,0,29,0,3,31,33,40,0,0,32,20,14,36,17,2,17,47,18,5,22,7,17,22,0,9,1,1,44,10,46,13,10,33,81,18,6,47,6,7,5,53,18,37,21,9,36,57,33,12,27,0,31,20,27,9,12,68,9,30,71,32,70,63,15,12,19,17,12,7,30,18,5,0
2020-01-05,4,19,17,35,10,34,8,2,21,24,18,10,12,8,12,2,28,31,44,6,0,4,23,15,3,22,54,16,2,46,32,47,13,0,30,37,9,18,15,1,15,44,12,0,23,6,34,30,0,6,1,2,37,6,43,12,8,32,76,14,5,44,11,27,5,56,13,26,0,8,39,49,27,33,30,29,45,17,24,7,26,58,7,23,39,29,75,67,14,12,57,28,7,6,24,14,4,0
2020-01-12,3,18,16,35,10,30,10,1,32,24,23,9,13,8,14,2,27,34,39,6,0,4,24,48,2,0,25,15,2,40,42,67,6,0,36,21,9,30,12,1,15,39,14,12,23,12,18,27,14,17,1,2,47,7,80,8,9,30,78,24,6,42,11,40,4,59,13,27,18,6,24,50,28,10,38,0,100,19,25,7,29,66,6,22,39,30,76,64,14,10,22,30,6,6,28,13,4,0
2020-01-19,3,12,19,36,10,36,14,1,23,24,21,17,11,8,7,2,29,36,40,7,0,4,18,26,3,22,27,48,2,41,62,79,13,0,32,33,11,21,17,1,14,43,14,4,23,0,14,28,15,14,1,1,38,8,42,7,7,34,76,22,6,45,8,24,4,59,7,23,19,16,23,52,27,22,31,15,54,24,23,8,30,72,7,26,27,25,77,66,14,10,40,40,2,7,27,13,4,0
2020-01-26,4,13,6,36,10,26,10,2,21,23,24,16,11,7,11,2,29,65,36,6,0,4,25,15,4,0,0,16,2,32,68,72,20,18,35,15,7,24,14,1,14,41,10,25,24,22,19,23,0,10,1,1,35,10,42,6,6,26,77,18,6,44,7,27,4,60,11,26,19,20,32,51,28,0,23,29,45,22,23,7,33,68,6,22,35,25,72,68,14,9,51,12,4,6,28,13,4,0
2020-02-02,5,16,20,34,10,69,10,1,31,23,21,27,13,7,14,2,28,20,42,6,0,3,13,12,3,11,0,0,2,32,48,35,13,0,32,18,6,25,16,1,12,37,11,0,26,31,31,19,14,10,1,1,35,8,0,5,7,23,74,13,5,58,15,79,4,50,9,25,0,19,23,47,26,31,44,0,44,20,25,5,31,65,8,21,30,18,74,65,15,10,11,27,2,6,26,13,4,0
2020-02-09,4,17,15,49,11,90,12,2,24,24,23,17,11,8,5,2,31,49,47,7,0,4,11,9,3,32,0,0,2,31,44,51,26,0,30,14,6,34,14,1,13,42,11,4,30,9,29,22,15,12,1,2,28,8,0,7,6,33,75,20,6,79,11,100,4,59,15,27,19,12,20,50,26,21,93,14,40,18,23,7,31,67,7,24,30,23,79,69,16,11,22,12,4,7,28,14,5,0
2020-02-16,3,16,4,46,11,64,11,2,22,27,16,17,14,8,12,2,44,39,40,7,0,5,11,6,2,0,26,16,2,32,39,51,32,0,30,40,6,30,18,1,14,40,12,12,33,22,25,27,14,17,1,2,35,8,0,6,9,27,77,20,6,55,10,35,4,74,18,26,57,14,30,56,27,21,48,0,30,21,25,8,27,66,6,21,43,20,78,84,16,10,22,16,11,8,27,15,4,0
2020-02-23,3,14,16,42,10,40,10,2,21,25,20,17,13,9,10,2,38,29,41,9,0,5,6,5,3,0,25,15,2,28,33,50,6,0,26,30,6,23,28,2,13,49,15,12,38,6,24,30,0,15,1,1,29,14,0,6,9,29,76,21,5,51,10,26,7,63,27,20,0,19,18,56,28,31,37,0,33,20,28,7,29,64,6,22,30,23,82,96,16,9,27,8,13,7,26,15,4,0
2020-03-01,3,8,21,37,10,31,10,2,25,24,21,17,12,8,5,2,30,33,37,7,0,5,13,5,3,10,0,0,2,27,36,34,37,0,26,31,5,20,19,1,12,37,11,4,44,9,8,29,0,13,1,2,26,14,0,6,8,24,78,20,5,47,8,18,5,54,17,23,0,17,23,56,26,10,27,41,27,21,26,6,27,66,5,22,26,23,76,78,15,9,16,19,2,7,27,16,4,0
2020-03-08,2,14,12,35,9,32,12,2,45,23,13,41,16,7,4,2,33,28,35,7,0,6,6,5,2,10,0,15,2,30,33,34,19,0,25,26,5,21,26,1,12,28,12,0,29,3,13,24,0,7,1,2,24,26,0,7,7,26,77,19,5,42,12,9,8,51,6,19,18,11,33,98,26,50,26,13,24,18,21,5,22,66,5,20,23,27,77,71,16,10,26,7,18,7,25,14,4,0
2020-03-15,3,11,17,36,10,30,23,2,31,24,21,30,12,8,9,2,29,14,42,8,0,6,19,5,2,0,0,15,2,35,34,55,18,0,21,27,6,22,19,2,15,29,13,12,29,15,14,29,14,14,1,2,24,31,0,6,9,30,70,15,6,38,4,20,11,42,19,28,53,22,21,100,33,50,26,13,29,21,24,6,21,56,4,24,36,23,76,70,17,10,10,18,16,8,18,15,4,0
2020-03-22,3,19,25,39,12,38,38,2,26,25,16,17,15,11,17,3,32,9,45,10,0,7,10,5,3,10,24,29,2,39,35,63,6,0,21,16,7,34,18,3,17,34,19,11,28,3,18,34,0,8,1,2,26,100,75,5,11,35,70,22,8,34,3,33,16,47,19,27,0,13,26,90,38,10,24,0,37,22,27,6,26,62,5,31,52,25,74,77,17,12,35,18,6,11,20,16,4,0
2020-03-29,4,16,53,39,12,43,45,2,35,39,22,11,13,12,13,3,31,23,49,10,0,15,10,7,4,10,0,57,3,39,39,65,18,0,24,23,7,40,27,3,21,32,18,11,29,11,46,28,27,14,1,4,26,31,0,6,12,38,70,27,8,38,8,23,11,52,20,29,17,20,34,93,40,48,26,13,22,25,28,6,30,65,5,35,54,30,75,84,24,12,35,18,14,11,22,16,4,0
2020-04-05,4,25,69,39,12,38,35,2,31,37,30,26,16,14,18,3,34,27,49,10,0,10,29,6,3,10,24,43,3,43,42,61,0,0,26,37,6,30,18,3,21,39,20,12,34,9,37,33,13,17,1,2,36,26,0,8,11,36,70,23,7,47,9,20,10,54,15,31,17,14,40,97,41,29,29,13,29,24,28,6,29,66,5,39,59,27,81,82,26,15,20,43,20,16,22,18,5,0
2020-04-12,4,19,30,37,13,46,26,2,30,34,17,35,16,14,25,3,35,32,46,11,0,11,10,6,4,20,0,14,3,43,41,58,18,0,26,28,6,44,19,4,21,43,18,19,40,14,54,29,27,9,1,2,32,24,38,8,14,36,70,21,8,39,23,17,10,50,12,31,0,16,39,91,40,0,34,13,41,24,28,6,32,71,6,41,57,23,78,85,22,15,41,36,10,13,26,19,4,0
2020-04-19,3,17,27,38,12,46,20,2,31,33,25,28,19,12,25,3,35,18,49,11,0,8,18,5,4,20,0,14,2,44,42,67,12,0,26,30,6,36,14,3,19,38,20,8,39,6,40,34,13,8,1,1,32,19,0,6,12,36,100,23,7,40,12,20,8,60,9,28,69,7,31,87,42,0,31,13,38,23,27,7,34,74,6,38,40,27,77,86,24,16,55,25,10,14,25,18,4,0
2020-04-26,3,19,41,38,12,34,18,2,36,32,24,17,18,13,31,3,32,53,54,11,0,6,32,6,4,10,23,0,2,38,39,60,18,0,29,23,6,34,23,3,22,34,16,4,31,8,17,31,0,16,1,3,35,22,0,5,10,38,78,26,7,39,8,12,7,63,10,30,17,30,34,85,45,19,30,0,23,23,28,5,39,75,5,35,49,26,82,86,25,18,45,25,6,15,28,18,5,0
2020-05-03,3,16,31,40,12,28,15,2,33,31,25,15,19,12,8,3,35,31,49,10,0,6,12,5,5,0,47,43,3,35,42,76,6,0,29,29,5,34,22,2,21,29,17,8,85,8,23,37,13,16,1,2,33,19,37,6,14,40,73,21,6,41,10,17,8,51,9,23,34,11,33,86,44,10,31,26,35,25,31,7,37,75,5,31,51,26,85,86,29,17,55,25,12,32,28,16,4,0
2020-05-10,3,19,35,42,11,41,14,2,33,31,31,21,17,12,17,3,31,58,45,10,0,5,32,7,4,20,24,0,2,36,44,90,29,16,23,31,6,36,21,2,19,46,16,15,100,6,20,29,0,9,1,3,36,17,0,7,10,37,77,23,6,40,9,21,7,51,27,26,34,5,28,80,40,10,32,0,42,25,31,13,34,82,5,33,37,25,79,82,25,14,35,21,14,18,27,15,4,0
2020-05-17,3,33,62,41,11,39,13,2,32,31,36,18,16,12,18,2,32,45,49,10,0,5,26,4,4,0,24,14,2,37,34,61,36,0,27,23,5,23,17,2,20,33,20,0,91,17,22,31,13,16,1,4,34,14,0,8,12,36,77,20,5,42,12,15,5,55,19,38,70,7,30,85,40,10,37,0,37,28,30,10,30,70,6,30,43,26,89,80,24,13,36,32,8,17,31,15,4,0
2020-05-24,3,12,32,40,11,30,14,2,32,30,28,9,15,11,9,2,35,28,42,9,0,5,12,5,3,10,0,29,2,32,40,64,0,0,25,36,5,33,26,3,19,31,15,12,81,9,37,29,14,15,1,5,30,15,0,10,10,36,78,24,6,45,9,11,7,54,11,36,18,15,29,82,41,40,35,13,38,32,30,9,25,74,9,31,31,25,100,73,24,14,52,15,14,19,29,20,5,0
2020-05-31,3,20,38,38,11,27,13,3,28,29,31,20,11,11,12,2,33,36,36,9,0,5,10,4,3,10,0,14,2,34,40,65,23,0,25,29,4,31,16,2,17,37,14,0,69,34,18,31,0,15,1,2,29,17,0,7,9,33,77,19,6,46,7,9,6,57,16,28,34,14,26,74,40,10,41,38,38,28,27,7,27,100,7,29,28,22,86,77,24,13,20,18,23,16,27,16,5,0
2020-06-07,3,21,30,37,11,34,12,3,29,29,33,22,15,11,13,2,29,54,42,8,0,5,22,4,3,10,48,14,2,33,38,85,18,0,31,22,5,37,18,2,17,33,12,4,69,23,34,46,13,9,1,3,26,15,0,5,8,34,82,19,7,52,3,14,6,56,16,27,0,9,33,71,45,29,36,39,35,29,27,7,27,95,5,28,25,23,81,75,21,13,25,25,10,16,29,16,5,0
2020-06-14,5,17,27,37,11,32,12,2,28,28,28,17,15,10,18,2,31,23,38,8,0,4,23,4,2,10,24,15,2,33,44,45,18,0,27,40,5,29,16,2,16,31,15,4,47,3,24,38,0,13,1,3,21,16,0,5,9,32,78,26,7,46,7,8,5,56,5,23,0,5,27,71,40,30,31,0,38,24,26,6,26,80,5,23,43,23,77,71,20,11,15,22,14,20,27,17,4,39
2020-06-21,4,15,26,40,11,26,11,2,28,28,26,23,12,10,9,2,27,29,40,7,0,5,17,3,3,0,100,30,3,28,43,81,31,0,25,23,5,34,23,2,16,38,11,4,60,3,32,25,14,8,1,3,31,12,0,6,10,33,78,22,6,48,14,6,5,59,17,27,18,11,30,75,38,41,51,0,45,22,27,7,24,73,5,24,32,32,73,72,24,12,27,30,12,28,28,16,5,0
2020-06-28,4,13,18,38,13,25,11,2,27,29,33,15,12,13,9,2,30,52,38,8,0,5,17,4,3,10,25,15,3,28,38,76,19,0,25,21,6,23,24,2,17,29,15,0,46,12,21,39,14,12,1,2,42,11,0,7,10,29,80,18,6,54,5,11,5,53,12,29,0,36,29,74,37,20,38,14,41,20,24,7,20,69,5,30,22,20,76,67,22,12,27,34,8,22,26,16,5,0
2020-07-05,4,17,18,37,12,25,8,2,28,27,35,17,14,10,8,2,28,48,40,8,0,4,30,4,2,0,25,15,2,29,40,72,31,17,26,30,6,39,24,2,17,34,14,4,51,3,38,44,14,14,1,2,27,10,0,9,8,25,78,21,6,47,8,6,5,56,15,29,0,8,24,70,36,51,34,0,44,20,23,8,23,59,6,28,41,25,73,67,24,12,43,19,19,22,27,14,4,0
2020-07-12,6,20,27,35,11,29,10,2,28,28,30,20,17,10,15,2,30,59,38,9,0,4,15,5,2,11,51,0,2,30,39,68,32,0,26,39,5,23,19,2,15,33,16,12,48,3,34,27,14,21,1,2,30,12,0,6,8,33,79,18,7,49,12,5,5,64,11,25,19,14,31,71,37,21,29,42,37,18,25,7,22,62,5,24,20,22,74,67,22,11,33,100,11,23,26,15,4,0
2020-07-19,5,13,16,35,11,35,9,2,27,28,30,30,15,10,18,2,36,44,35,8,0,4,20,4,3,11,0,16,2,31,42,73,26,0,27,38,5,34,39,1,17,33,16,8,46,9,18,24,29,16,1,1,22,11,0,5,9,38,79,23,6,49,14,8,5,64,18,45,0,8,32,71,38,21,39,0,30,19,24,6,23,64,6,26,30,21,77,69,20,12,5,62,25,23,27,15,4,0
2020-07-26,4,15,18,35,12,24,11,2,28,27,33,14,11,8,10,2,30,59,42,9,0,4,18,3,2,21,26,0,2,32,37,68,26,0,28,18,5,27,31,1,15,33,21,8,33,12,23,49,0,22,1,2,33,12,0,8,6,34,78,22,6,57,14,8,4,58,16,38,38,12,27,69,37,53,52,14,35,18,23,7,24,67,5,26,41,20,74,68,24,12,66,62,8,24,30,14,4,0
2020-08-02,4,19,23,33,11,31,9,2,27,27,25,10,11,9,19,2,31,29,38,8,0,3,22,4,2,21,25,31,2,29,34,80,45,0,28,76,5,27,19,1,16,36,13,8,40,15,24,25,14,31,1,2,41,11,0,5,8,37,74,20,6,63,11,8,4,59,13,30,0,23,25,66,37,21,55,0,34,18,24,7,24,54,8,27,34,24,71,66,23,12,49,57,23,24,29,15,4,0
2020-08-09,3,20,18,34,11,26,10,2,28,27,31,25,13,9,18,2,31,48,39,8,0,4,19,3,4,11,0,46,3,27,36,82,19,0,23,30,5,33,25,1,16,35,16,16,32,9,17,23,14,41,1,1,36,9,0,8,7,45,75,20,6,56,8,6,4,59,13,46,0,8,33,66,38,21,42,0,34,17,23,7,28,63,9,28,39,26,71,67,20,11,16,42,21,25,28,16,5,0
2020-08-16,3,22,18,43,12,42,10,1,28,26,26,19,12,9,12,2,33,34,40,8,0,4,11,5,2,11,26,31,3,27,34,65,26,0,25,41,5,30,18,1,16,41,13,0,49,3,17,28,0,22,1,2,34,9,0,7,9,62,79,20,6,56,10,13,5,58,12,46,0,31,32,61,38,21,47,14,36,17,25,6,38,63,8,36,31,25,75,72,18,12,71,11,6,24,27,17,6,41
2020-08-23,5,33,31,96,11,38,10,53,30,26,21,18,15,10,9,2,54,28,41,8,0,4,21,7,2,31,0,0,3,26,39,56,25,0,24,48,5,39,14,1,17,50,15,8,41,24,20,30,0,23,1,4,27,10,0,6,10,49,73,19,6,52,6,17,3,54,14,32,0,36,66,65,34,20,62,14,36,17,29,6,55,67,8,31,20,22,76,76,20,15,79,37,12,21,31,25,10,40
2020-08-30,4,20,10,47,11,31,10,27,31,26,34,13,19,10,14,2,33,28,42,7,0,4,8,5,2,31,0,30,3,28,32,63,25,0,28,24,4,27,23,1,19,52,12,12,45,9,17,25,14,20,1,2,31,14,0,6,9,43,74,25,5,48,8,5,4,66,22,28,18,52,100,63,36,10,30,40,29,17,24,5,70,69,7,30,26,21,78,77,19,14,79,15,16,20,30,24,5,0
2020-09-06,3,15,19,39,11,23,9,7,34,26,28,14,14,11,9,2,31,33,36,7,0,4,6,4,3,0,0,15,3,31,37,56,12,0,28,24,5,34,11,1,21,45,14,4,46,6,17,34,28,19,1,2,40,13,39,6,9,42,73,24,6,46,9,6,5,58,14,57,0,51,60,56,34,0,33,14,33,15,25,6,78,68,7,36,29,19,80,78,23,13,42,22,8,17,31,31,5,0
2020-09-13,3,19,26,39,12,26,9,4,32,25,28,15,12,13,6,2,31,51,42,7,0,4,15,4,2,41,0,0,2,29,30,46,6,0,26,20,4,30,10,2,19,30,12,4,33,38,27,25,14,12,1,2,32,10,0,7,8,35,71,28,5,44,16,6,5,59,14,35,0,100,56,54,35,30,44,27,30,16,25,6,97,74,7,28,20,15,80,85,22,12,37,18,12,15,31,23,4,0
2020-09-20,2,20,24,36,11,23,12,5,34,26,19,16,15,9,16,2,32,56,48,8,0,4,2,4,3,10,0,73,2,27,33,72,43,16,23,100,6,45,17,2,20,27,17,16,31,12,21,30,0,10,1,2,33,8,0,10,11,33,74,20,6,50,13,3,4,52,18,29,0,29,40,57,33,10,39,26,28,25,24,6,100,70,6,27,23,21,80,81,21,11,47,11,22,13,28,25,5,0
2020-09-27,2,17,11,34,11,30,9,3,27,26,15,16,11,8,19,2,29,19,42,7,0,3,13,2,1,31,0,46,2,31,38,54,25,0,22,77,6,35,17,1,18,30,12,8,32,3,17,21,0,16,1,2,32,15,40,17,8,31,73,20,6,46,15,11,5,53,22,24,0,36,39,61,34,41,31,27,26,18,24,10,86,70,6,24,43,26,82,78,19,11,21,30,12,10,26,40,5,0
2020-10-04,2,16,20,36,11,25,8,3,26,26,23,15,11,8,12,2,31,24,44,7,0,4,7,2,2,0,0,0,2,41,34,70,6,17,24,30,5,30,23,2,16,30,13,4,31,3,24,25,0,15,1,2,30,20,0,9,7,27,71,25,5,43,7,5,12,60,5,23,0,23,31,61,36,10,36,0,39,17,24,24,84,69,5,21,36,23,82,77,19,11,38,11,19,11,27,36,5,41
2020-10-11,3,20,32,37,10,23,8,2,27,25,22,17,10,8,20,1,41,46,39,21,0,4,16,1,2,0,0,0,2,43,38,53,13,18,23,21,5,26,21,2,16,35,12,22,43,13,18,34,30,16,1,2,27,15,0,8,7,39,75,21,6,46,10,5,12,65,11,21,20,26,28,55,40,44,31,44,44,17,25,19,72,72,5,23,24,18,82,80,22,11,17,16,7,10,28,25,4,0
2020-10-18,3,25,21,34,11,25,9,2,25,24,20,20,15,8,9,1,33,20,39,11,0,4,16,2,2,11,0,16,11,38,33,73,20,0,35,28,5,24,15,1,16,28,16,4,31,13,17,32,15,9,1,2,27,13,0,8,5,29,72,19,6,42,7,0,7,48,14,22,19,34,30,55,38,11,27,43,24,16,23,15,68,76,8,20,34,20,78,78,19,9,6,4,7,9,24,25,4,0
2020-10-25,3,19,19,36,11,29,8,2,27,24,19,13,9,8,13,1,47,20,39,8,0,4,14,3,3,0,27,0,85,47,38,78,13,0,32,33,5,30,13,2,16,28,16,0,39,10,17,22,30,16,1,2,39,12,0,43,7,30,73,25,6,44,7,7,7,62,13,24,39,30,29,66,39,11,42,0,25,16,23,13,62,84,5,19,31,22,87,75,19,11,6,8,4,9,30,24,5,0
2020-11-01,3,15,22,35,10,23,7,2,22,21,12,20,11,8,7,1,26,47,35,7,0,3,19,4,2,20,25,0,87,81,31,58,24,0,27,24,5,24,13,2,13,32,12,4,37,9,18,22,14,19,1,2,23,12,0,11,5,28,70,20,6,42,8,5,6,52,9,20,0,7,35,56,35,50,29,0,25,14,21,10,58,63,4,19,29,17,71,69,18,9,47,11,18,8,23,20,4,0
2020-11-08,5,17,27,31,11,29,9,2,32,24,19,14,10,8,9,1,25,34,34,7,0,5,13,6,3,11,26,0,100,60,27,43,6,0,29,16,5,24,17,2,16,30,10,12,33,9,11,34,44,8,1,3,33,10,0,9,7,26,73,19,6,48,8,2,6,45,12,23,0,27,30,68,44,11,48,0,31,14,21,9,53,63,5,20,32,27,73,69,18,10,17,31,15,8,31,20,4,0
2020-11-15,3,13,29,33,10,17,9,2,22,24,25,14,11,8,16,1,23,39,34,7,0,5,7,3,3,11,0,47,84,46,32,89,19,17,29,23,4,20,16,2,15,28,15,0,24,15,13,30,0,13,1,2,36,12,0,6,7,28,85,17,6,44,6,2,5,43,9,22,19,25,30,61,51,42,27,84,26,14,20,9,59,81,13,22,26,23,75,74,18,11,22,15,15,8,26,20,6,0
2020-11-22,4,13,18,31,11,25,13,3,23,25,11,13,14,8,3,2,27,15,34,8,0,5,11,5,3,11,0,16,80,43,29,87,13,0,37,23,4,34,22,2,15,31,17,0,26,9,25,26,0,14,1,2,41,12,41,5,8,29,77,27,7,50,9,7,5,51,10,30,0,29,26,59,49,21,27,14,31,15,21,8,40,72,5,24,14,23,70,68,17,11,33,19,9,6,33,23,5,0
2020-11-29,3,13,23,32,11,19,11,2,19,25,16,11,10,8,10,1,29,19,35,10,0,5,9,4,2,0,0,15,64,36,30,73,19,0,44,19,4,38,14,1,15,34,13,20,35,9,26,29,0,100,1,2,50,12,0,8,7,36,76,23,7,42,6,8,5,53,8,32,0,13,37,61,43,73,26,14,27,14,22,7,58,73,5,20,21,17,72,71,19,11,22,11,8,7,37,20,6,0
2020-12-06,3,12,18,34,11,19,8,3,22,25,17,14,14,8,10,2,24,45,40,11,0,4,13,3,3,0,0,16,53,38,30,67,7,0,53,22,5,46,20,1,14,26,15,0,37,16,18,35,0,23,1,1,50,14,0,18,6,27,74,23,7,46,14,5,6,46,5,32,38,27,30,59,50,0,26,0,26,15,21,7,60,88,7,20,15,25,76,74,19,11,17,12,4,6,33,17,8,0
2020-12-13,4,13,22,32,12,23,8,2,22,24,13,20,14,8,13,2,23,25,37,9,0,4,9,6,2,0,26,16,45,31,43,70,53,0,39,33,5,41,28,2,15,45,12,8,17,16,15,19,29,18,1,2,58,18,0,11,6,28,92,27,7,45,15,0,5,53,15,31,38,26,20,66,45,21,38,14,32,15,23,7,56,67,5,23,22,22,74,68,18,10,50,20,4,7,41,16,17,0
2020-12-20,3,14,18,36,20,26,10,3,25,25,22,12,17,8,16,2,25,33,37,9,0,4,20,7,1,0,0,0,45,37,41,57,7,0,35,34,6,36,100,2,17,31,14,9,35,3,31,31,16,17,1,2,100,12,46,9,7,33,73,28,6,68,18,15,7,42,15,31,21,15,31,74,47,23,30,0,33,17,24,8,27,67,4,25,15,22,71,63,17,10,37,22,9,7,37,17,58,0
2020-12-27,4,20,14,39,16,25,11,3,28,28,24,14,13,10,15,2,30,64,43,9,0,5,12,13,3,23,0,34,51,33,66,49,21,0,35,25,6,18,74,2,18,33,17,13,33,7,31,48,0,17,1,2,48,9,0,8,11,40,72,21,8,49,14,5,6,55,9,29,20,8,29,76,49,23,29,0,39,17,26,8,20,60,5,28,26,23,73,65,18,13,42,17,9,7,41,18,62,0
2021-01-03,3,10,27,35,14,24,9,2,28,25,24,12,18,9,8,2,30,20,40,8,0,4,9,8,3,11,26,32,38,31,45,67,13,0,33,29,6,22,24,2,16,32,12,4,39,6,27,55,15,13,1,2,50,12,0,10,9,37,75,18,7,95,13,5,6,50,11,36,19,4,23,72,38,21,34,0,32,17,23,5,43,71,5,26,18,19,73,69,16,12,33,8,2,7,35,17,21,0
2021-01-10,3,21,20,34,14,27,7,2,23,25,17,10,19,10,14,3,26,15,43,7,0,5,11,6,3,0,26,16,30,29,39,46,7,0,32,25,5,43,22,2,16,34,16,4,37,9,47,29,0,20,1,3,30,14,0,16,11,37,70,22,7,57,6,5,6,56,12,100,19,22,19,71,35,32,27,14,27,21,22,5,47,62,6,27,21,17,74,70,18,11,11,20,13,7,37,19,14,0
2021-01-17,2,19,20,34,13,19,9,2,26,25,21,16,20,11,45,2,29,39,36,8,74,4,20,4,3,0,26,16,26,27,37,66,13,0,34,32,5,39,25,2,15,31,14,4,29,9,26,24,0,15,1,2,49,14,0,12,9,40,72,19,6,52,16,10,5,47,8,78,0,27,32,71,39,10,30,14,27,17,22,6,52,79,7,25,30,20,74,71,17,11,44,12,13,7,36,16,10,0
2021-01-24,2,16,24,32,12,24,9,2,25,25,27,18,21,9,14,3,27,34,35,8,0,4,13,6,3,22,26,16,23,28,35,46,13,0,32,32,4,29,19,2,17,41,14,0,32,6,22,28,0,21,1,2,43,16,0,9,11,31,71,18,6,43,11,10,8,47,11,58,19,16,31,76,36,11,32,14,37,17,22,5,58,77,6,25,29,15,77,70,17,12,50,35,11,7,33,15,9,0
2021-01-31,2,16,26,32,12,21,11,2,25,25,21,20,15,9,17,3,27,25,39,8,0,5,13,6,4,11,0,31,20,27,37,56,32,0,34,20,5,25,22,2,16,31,17,8,36,0,25,25,15,15,1,3,35,12,41,8,11,38,72,22,6,41,40,8,7,52,12,49,19,20,38,70,34,21,35,0,26,15,21,6,53,75,7,27,24,18,73,76,16,13,61,27,13,7,33,16,8,0
2021-02-07,3,8,20,31,12,28,15,2,27,24,15,11,30,10,14,3,25,10,34,8,0,5,18,4,3,0,26,16,17,33,36,73,39,0,35,29,4,29,28,2,16,33,18,0,30,12,23,19,14,27,1,2,58,13,0,8,10,36,69,24,6,43,71,8,6,47,16,40,19,19,32,72,35,10,31,0,26,15,23,5,51,77,16,29,20,15,70,75,18,12,60,15,17,7,30,16,8,0
2021-02-14,3,17,37,36,12,32,13,3,26,25,15,19,31,11,11,3,28,55,38,8,0,5,18,7,4,0,0,16,16,34,33,67,13,17,38,26,7,43,18,2,18,28,24,8,38,16,22,32,0,21,1,4,37,14,0,8,13,46,71,28,7,42,100,5,6,49,12,38,0,24,31,83,35,0,51,100,33,18,25,5,43,68,9,32,22,17,73,76,13,13,39,16,9,7,30,18,8,0
2021-02-21,3,11,20,31,10,28,12,3,27,25,58,12,28,10,10,3,27,34,35,8,0,4,9,5,4,32,51,46,13,33,32,73,26,0,39,29,4,40,24,2,17,29,18,4,49,18,43,38,0,21,1,6,32,16,0,11,12,34,70,30,7,44,38,3,6,51,19,30,19,31,48,76,40,0,31,28,30,19,39,5,48,59,9,28,15,17,75,76,19,13,33,19,6,8,35,17,7,0
2021-02-28,3,14,25,30,10,22,12,2,28,25,32,13,26,11,58,3,35,44,42,9,0,4,7,4,6,21,0,0,16,34,33,61,19,17,37,13,4,52,24,2,18,46,23,8,38,9,44,38,29,19,1,4,31,18,0,11,15,36,82,27,6,46,20,8,8,48,15,31,19,14,40,79,34,11,25,28,34,18,39,4,49,66,14,30,21,21,77,74,22,13,33,35,17,8,30,16,7,0
2021-03-07,2,11,25,34,11,24,14,2,32,25,28,13,43,11,13,3,24,20,35,8,0,4,13,4,4,0,26,16,13,35,34,41,13,0,41,43,6,44,28,3,18,36,17,17,29,6,38,41,29,19,1,5,40,17,0,9,15,38,75,27,7,39,17,3,6,49,14,29,0,16,31,74,33,11,30,28,35,19,31,5,42,67,22,28,33,16,70,73,19,14,39,27,25,8,32,16,7,0
2021-03-14,5,12,29,39,11,24,14,2,30,25,24,16,56,18,12,3,30,28,34,8,0,4,19,6,2,10,0,45,11,32,33,60,43,0,45,36,5,32,25,2,18,34,19,16,31,47,26,38,0,34,1,86,35,18,0,9,13,31,76,28,7,43,16,6,6,50,9,29,18,15,37,74,31,20,30,27,28,18,43,4,39,65,81,28,22,21,72,71,21,12,32,26,6,9,36,14,10,0
2021-03-21,8,18,42,42,11,29,13,2,42,25,28,18,75,21,21,3,27,25,38,8,0,4,25,11,3,22,0,0,11,26,38,59,65,0,43,76,5,44,16,2,17,43,14,4,55,100,29,29,0,23,1,100,31,15,41,14,12,33,72,25,6,44,13,15,6,47,18,34,0,20,35,69,31,11,29,0,31,21,49,6,44,72,73,27,20,16,73,71,18,12,56,16,13,9,38,14,10,42
2021-03-28,4,19,50,41,12,37,9,2,34,25,38,21,82,21,14,3,29,10,56,8,0,4,28,8,4,11,0,0,10,32,40,83,20,0,32,48,4,30,20,2,18,42,16,4,46,42,27,36,0,23,1,35,33,10,0,8,14,36,73,24,6,40,9,7,6,46,14,37,20,19,33,78,33,11,27,0,42,26,40,5,33,68,67,28,32,10,75,67,19,12,41,33,11,12,33,15,10,0
2021-04-04,3,23,33,39,11,25,9,3,44,24,30,18,79,18,25,3,28,25,57,8,0,4,33,6,3,0,0,16,9,26,34,51,59,0,28,49,5,32,10,1,18,34,18,4,41,44,18,34,15,22,1,17,25,18,0,13,12,32,73,21,6,43,11,8,6,49,12,28,0,18,27,75,34,21,26,43,36,23,35,6,36,70,71,28,26,15,69,67,19,13,89,20,21,13,36,13,8,0
2021-04-11,3,19,44,36,11,21,11,3,32,25,36,15,92,22,21,3,27,34,45,7,0,3,33,8,3,0,0,16,10,32,33,53,45,0,30,31,4,22,16,1,16,37,14,4,58,22,16,33,0,8,1,11,28,15,0,15,10,27,72,23,6,42,17,3,6,59,10,33,0,14,30,72,33,21,26,0,37,20,29,7,35,63,89,30,12,14,78,69,22,12,50,27,21,10,31,15,7,0
2021-04-18,3,16,29,38,11,23,9,3,33,25,25,18,100,24,21,3,25,44,42,8,0,3,20,4,3,11,52,16,9,33,30,94,39,0,30,25,4,42,21,2,17,25,13,0,35,19,18,22,15,11,1,8,24,22,0,11,12,28,75,26,5,45,11,5,8,50,12,30,0,37,28,67,32,42,26,28,50,20,25,7,37,66,100,29,29,14,75,70,21,12,33,27,21,10,30,14,6,0
2021-04-25,3,22,26,34,13,27,11,3,36,25,31,14,86,21,26,3,24,49,37,9,0,3,18,6,3,11,26,47,8,32,32,79,32,35,29,23,4,34,16,2,18,30,15,4,40,16,25,21,0,12,1,9,28,18,0,11,11,37,77,32,7,46,13,7,7,51,19,37,0,25,28,66,31,0,28,0,45,20,28,6,39,69,54,25,17,16,76,71,20,12,22,19,13,11,31,14,6,0
2021-05-02,3,14,23,33,12,28,10,3,35,25,30,100,63,14,32,2,26,20,35,9,0,4,24,4,3,0,0,0,8,37,30,58,58,0,26,27,4,37,14,1,17,34,16,4,41,34,37,22,14,12,1,6,29,16,0,15,10,33,76,26,6,42,11,7,6,50,23,41,0,21,28,65,37,0,29,28,38,19,28,6,39,66,27,26,27,15,76,72,23,12,44,35,23,10,29,14,5,0
2021-05-09,3,11,31,30,12,21,13,2,35,23,26,12,50,12,20,2,27,28,39,7,0,3,22,3,3,15,0,0,8,35,30,46,9,0,25,15,5,40,12,2,17,34,15,0,27,13,26,27,20,8,1,8,22,14,0,11,10,24,76,24,6,42,15,9,5,56,29,38,0,14,29,62,33,74,25,0,37,19,27,5,41,71,18,29,19,26,79,72,25,11,23,16,39,10,29,13,5,59
